playerID,yearID
gomezle01,1933
ferreri01,1933
gehrilo01,1933
gehrich01,1933
dykesji01,1933
cronijo01,1933
chapmbe01,1933
simmoal01,1933
ruthba01,1933
averiea01,1933
crowdal01,1933
dickebi01,1933
ferrewe01,1933
foxxji01,1933
grovele01,1933
hildeor01,1933
lazzeto01,1933
westsa01,1933
hallabi01,1933
wilsoji01,1933
terrybi01,1933
friscfr01,1933
martipe01,1933
bartedi01,1933
hafeych01,1933
bergewa01,1933
kleinch01,1933
cuccito01,1933
engliwo01,1933
hartnga01,1933
hubbeca01,1933
odoulle01,1933
schumha02,1933
traynpi01,1933
wanerpa01,1933
warnelo01,1933
gomezle01,1934
dickebi01,1934
gehrilo01,1934
gehrich01,1934
foxxji01,1934
cronijo01,1934
manushe01,1934
simmoal01,1934
ruthba01,1934
averiea01,1934
bridgto01,1934
chapmbe01,1934
cochrmi01,1934
dykesji01,1934
ferreri01,1934
hardeme01,1934
higgipi01,1934
ruffire01,1934
russeja01,1934
westsa01,1934
hubbeca01,1934
hartnga01,1934
terrybi01,1934
friscfr01,1934
traynpi01,1934
jackstr01,1934
medwijo01,1934
bergewa01,1934
cuyleki01,1934
deandi01,1934
frankfr02,1934
hermabi01,1934
hermabi01,1934
kleinch01,1934
lopezal01,1934
martipe01,1934
moorejo02,1934
mungova01,1934
ottme01,1934
vaughar01,1934
wanerpa01,1934
warnelo01,1934
gomezle01,1935
hemslro01,1935
gehrilo01,1935
gehrich01,1935
foxxji01,1935
cronijo01,1935
johnsbo01,1935
simmoal01,1935
vosmijo01,1935
averiea01,1935
bluegos01,1935
bridgto01,1935
chapmbe01,1935
cochrmi01,1935
cramedo01,1935
ferreri01,1935
grovele01,1935
hardeme01,1935
myerbu01,1935
rowesc01,1935
westsa01,1935
walkebi01,1935
wilsoji01,1935
terrybi01,1935
hermabi01,1935
martipe01,1935
vaughar01,1935
medwijo01,1935
bergewa01,1935
ottme01,1935
colliri02,1935
deandi01,1935
derripa01,1935
friscfr01,1935
hartnga01,1935
hubbeca01,1935
mancugu01,1935
moorejo02,1935
mungova01,1935
schumha02,1935
wanerpa01,1935
whitebu01,1935
grovele01,1936
ferreri01,1936
gehrilo01,1936
gehrich01,1936
higgipi01,1936
applilu01,1936
radclri01,1936
averiea01,1936
dimagjo01,1936
bridgto01,1936
chapmbe01,1936
crosefr01,1936
dickebi01,1936
foxxji01,1936
gomezle01,1936
gosligo01,1936
hardeme01,1936
hemslro01,1936
kenneve01,1936
pearsmo01,1936
rowesc01,1936
selkige01,1936
deandi01,1936
hartnga01,1936
colliri02,1936
hermabi01,1936
whitnpi01,1936
durocle01,1936
medwijo01,1936
galanau01,1936
demarfr02,1936
bergewa01,1936
daviscu01,1936
hubbeca01,1936
lombaer01,1936
martist01,1936
moorejo02,1936
mungova01,1936
ottme01,1936
riggsle01,1936
suhrgu01,1936
vaughar01,1936
warnelo01,1936
gomezle01,1937
dickebi01,1937
gehrilo01,1937
gehrich01,1937
rolfere01,1937
cronijo01,1937
westsa01,1937
averiea01,1937
dimagjo01,1937
bellbe01,1937
bridgto01,1937
cliftha01,1937
cramedo01,1937
ferreri01,1937
ferrewe01,1937
foxxji01,1937
greenha01,1937
grovele01,1937
hardeme01,1937
moseswa01,1937
murphjo04,1937
myerbu01,1937
sewellu01,1937
stratmo01,1937
walkege02,1937
deandi01,1937
hartnga01,1937
mizejo01,1937
hermabi01,1937
vaughar01,1937
bartedi01,1937
medwijo01,1937
demarfr02,1937
wanerpa01,1937
blantcy01,1937
colliri02,1937
grissle01,1937
hubbeca01,1937
jurgebi01,1937
lombaer01,1937
mancugu01,1937
martipe01,1937
moorege03,1937
moorejo02,1937
mungova01,1937
ottme01,1937
waltebu01,1937
whitebu01,1937
gomezle01,1938
dickebi01,1938
foxxji01,1938
gehrich01,1938
lewisbu01,1938
cronijo01,1938
kreevmi01,1938
averiea01,1938
dimagjo01,1938
allenjo02,1938
cramedo01,1938
fellebo01,1938
ferreri01,1938
gehrilo01,1938
greenha01,1938
grovele01,1938
johnsbo01,1938
kenneve01,1938
murphjo04,1938
newsobo01,1938
rolfere01,1938
ruffire01,1938
travice01,1938
yorkru01,1938
vandejo01,1938
lombaer01,1938
mccorfr01,1938
hermabi01,1938
hackst01,1938
durocle01,1938
medwijo01,1938
ottme01,1938
goodmiv01,1938
brownma01,1938
cuccito01,1938
danniha01,1938
derripa01,1938
hartnga01,1938
hubbeca01,1938
lavagco01,1938
leebi02,1938
leibeha01,1938
martihe01,1938
moorejo02,1938
phelpba01,1938
turneji01,1938
vaughar01,1938
wanerll01,1938
ruffire01,1939
dickebi01,1939
greenha01,1939
gordojo01,1939
rolfere01,1939
cronijo01,1939
selkige01,1939
dimagjo01,1939
cramedo01,1939
applilu01,1939
bridgto01,1939
casege01,1939
crosefr01,1939
fellebo01,1939
foxxji01,1939
gehrilo01,1939
gomezle01,1939
grovele01,1939
hayesfr01,1939
hemslro01,1939
hoagmy01,1939
johnsbo01,1939
lyonste01,1939
mcquige02,1939
murphjo04,1939
newsobo01,1939
derripa01,1939
lombaer01,1939
mccorfr01,1939
freylo01,1939
hackst01,1939
vaughar01,1939
medwijo01,1939
ottme01,1939
goodmiv01,1939
arnovmo01,1939
camildo01,1939
danniha01,1939
daviscu01,1939
fettelo01,1939
hermabi01,1939
jurgebi01,1939
lavagco01,1939
leebi02,1939
milleed03,1939
mizejo01,1939
moorete01,1939
phelpba01,1939
vandejo01,1939
waltebu01,1939
warnelo01,1939
wyattwh01,1939
ruffire01,1940
dickebi01,1940
foxxji01,1940
gordojo01,1940
travice01,1940
applilu01,1940
willite01,1940
dimagjo01,1940
kellech01,1940
boudrlo01,1940
bridgto01,1940
cramedo01,1940
fellebo01,1940
finnelo01,1940
greenha01,1940
hayesfr01,1940
hemslro01,1940
johnsbo01,1940
keltnke01,1940
leonadu02,1940
mackra01,1940
mcquige02,1940
milnaal01,1940
newsobo01,1940
pearsmo01,1940
rolfere01,1940
derripa01,1940
lombaer01,1940
mizejo01,1940
hermabi01,1940
lavagco01,1940
vaughar01,1940
medwijo01,1940
moorete01,1940
westma02,1940
coscape01,1940
danniha01,1940
durocle01,1940
frencla01,1940
higbeki01,1940
hubbeca01,1940
jurgebi01,1940
leibeha01,1940
maypi01,1940
mccorfr01,1940
milleed03,1940
moorejo02,1940
mulcahu01,1940
nichobi01,1940
ottme01,1940
phelpba01,1940
waltebu01,1940
wyattwh01,1940
fellebo01,1941
dickebi01,1941
yorkru01,1941
doerrbo01,1941
travice01,1941
cronijo01,1941
willite01,1941
dimagjo01,1941
heathje01,1941
applilu01,1941
bentoal01,1941
boudrlo01,1941
cullero01,1941
dimagdo01,1941
foxxji01,1941
gordojo01,1941
hayesfr01,1941
hudsosi01,1941
kellech01,1941
keltnke01,1941
leeth01,1941
ruffire01,1941
russoma01,1941
smithed04,1941
tebbebi01,1941
wyattwh01,1941
owenmi01,1941
mizejo01,1941
freylo01,1941
hackst01,1941
vaughar01,1941
moorete01,1941
reisepe01,1941
nichobi01,1941
blantcy01,1941
camildo01,1941
danniha01,1941
derripa01,1941
elliobo01,1941
hermabi01,1941
hubbeca01,1941
lavagco01,1941
leibeha01,1941
lopezal01,1941
mccorfr01,1941
medwijo01,1941
milleed03,1941
ottme01,1941
passecl01,1941
slaugen01,1941
waltebu01,1941
warnelo01,1941
chandsp01,1942
tebbebi01,1942
yorkru01,1942
gordojo01,1942
keltnke01,1942
boudrlo01,1942
willite01,1942
dimagjo01,1942
henrito01,1942
bagbyji02,1942
bentoal01,1942
bonhati01,1942
dickebi01,1942
dimagdo01,1942
doerrbo01,1942
hudsosi01,1942
hughste01,1942
johnsbo01,1942
mcquige02,1942
newhoha01,1942
rizzuph01,1942
rosarbu01,1942
ruffire01,1942
smithed04,1942
spencst01,1942
wagneha01,1942
coopemo01,1942
coopewa01,1942
mizejo01,1942
brownji03,1942
vaughar01,1942
milleed03,1942
medwijo01,1942
reisepe01,1942
ottme01,1942
derripa01,1942
elliobo01,1942
hermabi01,1942
hubbeca01,1942
litwhda01,1942
lombaer01,1942
marshwi01,1942
mccorfr01,1942
meltocl01,1942
moorete01,1942
owenmi01,1942
passecl01,1942
reesepe01,1942
slaugen01,1942
starrra01,1942
vandejo01,1942
waltebu01,1942
wyattwh01,1942
leonadu02,1943
earlyja01,1943
siebedi01,1943
doerrbo01,1943
keltnke01,1943
stephve01,1943
wakefdi01,1943
laabsch01,1943
casege01,1943
applilu01,1943
bagbyji02,1943
bonhati01,1943
boudrlo01,1943
chandsp01,1943
dickebi01,1943
gordojo01,1943
heathje01,1943
hughste01,1943
johnsbo01,1943
juddos01,1943
kellech01,1943
lindejo01,1943
newhoha01,1943
rosarbu01,1943
smithal03,1943
yorkru01,1943
coopemo01,1943
coopewa01,1943
fletcel01,1943
hermabi01,1943
hackst01,1943
marioma01,1943
musiast01,1943
walkeha01,1943
nichobi01,1943
adamsac01,1943
dahlgba01,1943
dimagvi01,1943
freylo01,1943
galanau01,1943
javeral01,1943
kurowwh01,1943
laniema01,1943
lombaer01,1943
mccorfr01,1943
milleed03,1943
ottme01,1943
owenmi01,1943
passecl01,1943
polleho01,1943
sewelri01,1943
vandejo01,1943
walkedi02,1943
borowha01,1944
hemslro01,1944
mcquige02,1944
doerrbo01,1944
keltnke01,1944
stephve01,1944
johnsbo01,1944
tucketh01,1944
spencst01,1944
boudrlo01,1944
casege01,1944
cullero01,1944
ferreri01,1944
foxpe01,1944
groveor01,1944
hayesfr01,1944
higgipi01,1944
hockeor01,1944
hughste01,1944
leonadu02,1944
muncrbo01,1944
newhoha01,1944
newsobo01,1944
pagejo01,1944
troutdi01,1944
yorkru01,1944
waltebu01,1944
coopewa01,1944
cavarph01,1944
ryanco01,1944
elliobo01,1944
marioma01,1944
galanau01,1944
musiast01,1944
walkedi02,1944
andrena01,1944
dimagvi01,1944
javeral01,1944
johnsdo02,1944
kurowwh01,1944
laniema01,1944
mccorfr01,1944
medwijo01,1944
milleed03,1944
muellra01,1944
mungere01,1944
nichobi01,1944
ottme01,1944
owenmi01,1944
raffeke01,1944
sewelri01,1944
tobinji01,1944
voisebi01,1944
zakfr01,1944
borowha01,1945
boudrlo01,1945
casege01,1945
chrisru01,1945
cuccito01,1945
ettenni01,1945
ferreri01,1945
ferrida01,1945
greenha01,1945
grimeos01,1945
gromest01,1945
hayesfr01,1945
johnsbo01,1945
krameja01,1945
leeth01,1945
leonadu02,1945
mayoed01,1945
mcquige02,1945
moseswa01,1945
newhoha01,1945
reynoal01,1945
stephve01,1945
stirnsn01,1945
treshmi01,1945
barrere01,1945
cavarph01,1945
coopemo01,1945
elliobo01,1945
greggha01,1945
hackst01,1945
holmeto01,1945
johnsdo02,1945
kurowwh01,1945
lombaer01,1945
marioma01,1945
masiph01,1945
mccorfr01,1945
mungova01,1945
nichobi01,1945
odeake01,1945
ottme01,1945
pafkoan01,1945
passecl01,1945
roepr01,1945
rosengo01,1945
sewelri01,1945
verbaem01,1945
walkedi02,1945
wyseha01,1945
fellebo01,1946
hayesfr01,1946
vernomi01,1946
doerrbo01,1946
keltnke01,1946
peskyjo01,1946
willite01,1946
dimagdo01,1946
kellech01,1946
applilu01,1946
chandsp01,1946
chapmsa01,1946
dickebi01,1946
dimagjo01,1946
ferrida01,1946
gordojo01,1946
harrimi01,1946
krameja01,1946
newhoha01,1946
rosarbu01,1946
spencst01,1946
stephve01,1946
stirnsn01,1946
wagneha01,1946
yorkru01,1946
passecl01,1946
coopewa01,1946
mizejo01,1946
schoere01,1946
kurowwh01,1946
marioma01,1946
musiast01,1946
hoppjo01,1946
walkedi02,1946
blackew01,1946
cavarph01,1946
coopemo01,1946
ennisde01,1946
gustifr01,1946
higbeki01,1946
lamanra01,1946
lowrepe01,1946
masiph01,1946
mccorfr01,1946
milleed03,1946
polleho01,1946
reesepe01,1946
reisepe01,1946
schmijo01,1946
sewelri01,1946
slaugen01,1946
verbaem01,1946
newhoha01,1947
rosarbu01,1947
mcquige02,1947
gordojo01,1947
kellge01,1947
boudrlo01,1947
willite01,1947
dimagjo01,1947
lewisbu01,1947
applilu01,1947
chandsp01,1947
doerrbo01,1947
fellebo01,1947
heganji01,1947
henrito01,1947
johnsbi03,1947
kellech01,1947
krameja01,1947
mastewa02,1947
mullipa01,1947
pagejo01,1947
robinaa01,1947
sheasp01,1947
spencst01,1947
troutdi01,1947
wynnea01,1947
yorkru01,1947
blackew01,1947
coopewa01,1947
mizejo01,1947
verbaem01,1947
gustifr01,1947
marioma01,1947
slaugen01,1947
walkeha01,1947
walkedi02,1947
brancra01,1947
brechha01,1947
cavarph01,1947
edwarbr01,1947
elliobo01,1947
haasbe01,1947
kurowwh01,1947
marshwi01,1947
masiph01,1947
milleed03,1947
mungere01,1947
musiast01,1947
pafkoan01,1947
reesepe01,1947
rowesc01,1947
sainjo01,1947
spahnwa01,1947
stanked01,1947
mastewa02,1948
rosarbu01,1948
mcquige02,1948
gordojo01,1948
keltnke01,1948
boudrlo01,1948
henrito01,1948
eversho01,1948
mullipa01,1948
berrayo01,1948
colemjo04,1948
dimagjo01,1948
dobsojo01,1948
doerrbo01,1948
fellebo01,1948
haynejo01,1948
kellge01,1948
lemonbo01,1948
newhoha01,1948
pagejo01,1948
raschvi01,1948
stephve01,1948
tebbebi01,1948
vernomi01,1948
willite01,1948
zarilal01,1948
brancra01,1948
coopewa01,1948
mizejo01,1948
schoere01,1948
pafkoan01,1948
reesepe01,1948
musiast01,1948
ashburi01,1948
slaugen01,1948
blackew01,1948
brechha01,1948
elliobo01,1948
gordosi01,1948
gustifr01,1948
holmeto01,1948
kerrbu01,1948
kinerra01,1948
marioma01,1948
masiph01,1948
mcculcl01,1948
riddlel01,1948
rignebi01,1948
sainjo01,1948
schmijo01,1948
stanked01,1948
thomsbo01,1948
waitked01,1948
parneme01,1949
tebbebi01,1949
robined01,1949
michaca01,1949
kellge01,1949
joosted01,1949
willite01,1949
dimagjo01,1949
dimagdo01,1949
berrayo01,1949
brisslo01,1949
dillibo01,1949
dobyla01,1949
goodmbi01,1949
gordojo01,1949
heganji01,1949
henrito01,1949
kellnal01,1949
lemonbo01,1949
mitchda01,1949
raschvi01,1949
reynoal01,1949
stephve01,1949
truckvi01,1949
wertzvi01,1949
spahnwa01,1949
seminan01,1949
mizejo01,1949
robinja02,1949
kazaked01,1949
reesepe01,1949
kinerra01,1949
musiast01,1949
marshwi01,1949
bickfve01,1949
blackew01,1949
brancra01,1949
camparo01,1949
coopewa01,1949
gordosi01,1949
hodgegi01,1949
marioma01,1949
mungere01,1949
newcodo01,1949
pafkoan01,1949
polleho01,1949
roepr01,1949
schoere01,1949
slaugen01,1949
thomsbo01,1949
raschvi01,1950
berrayo01,1950
dropowa01,1950
doerrbo01,1950
kellge01,1950
rizzuph01,1950
willite01,1950
dobyla01,1950
eversho01,1950
byrneto01,1950
colemje01,1950
dimagdo01,1950
dimagjo01,1950
fainfe01,1950
fellebo01,1950
grayte01,1950
heganji01,1950
henrito01,1950
houttar01,1950
lemonbo01,1950
lollash01,1950
michaca01,1950
reynoal01,1950
scarbra01,1950
stephve01,1950
roberro01,1950
camparo01,1950
musiast01,1950
robinja02,1950
joneswi01,1950
marioma01,1950
kinerra01,1950
slaugen01,1950
sauerha01,1950
blackew01,1950
coopewa01,1950
hodgegi01,1950
jansela01,1950
konstji01,1950
newcodo01,1950
pafkoan01,1950
reesepe01,1950
roepr01,1950
rushbo01,1950
schoere01,1950
sisledi01,1950
snidedu01,1950
spahnwa01,1950
stanked01,1950
wyrosjo01,1950
garvene01,1951
berrayo01,1951
fainfe01,1951
foxne01,1951
kellge01,1951
carrach01,1951
willite01,1951
dimagdo01,1951
wertzvi01,1951
busbyji01,1951
dimagjo01,1951
dobyla01,1951
doerrbo01,1951
gumpera01,1951
heganji01,1951
hutchfr01,1951
lemonbo01,1951
lopated01,1951
marreco01,1951
minosmi01,1951
parneme01,1951
rizzuph01,1951
robined01,1951
shantbo01,1951
stephve01,1951
roberro01,1951
camparo01,1951
hodgegi01,1951
robinja02,1951
elliobo01,1951
darkal01,1951
musiast01,1951
ashburi01,1951
ennisde01,1951
blackew01,1951
edwarbr01,1951
jansela01,1951
joneswi01,1951
kinerra01,1951
leonadu02,1951
maglisa01,1951
newcodo01,1951
reesepe01,1951
roepr01,1951
schoere01,1951
slaugen01,1951
snidedu01,1951
spahnwa01,1951
westlwa01,1951
wyrosjo01,1951
raschvi01,1952
berrayo01,1952
robined01,1952
avilabo01,1952
rosenal01,1952
rizzuph01,1952
mitchda01,1952
dimagdo01,1952
bauerha01,1952
dobyla01,1952
fainfe01,1952
foxne01,1952
garcimi01,1952
heganji01,1952
jenseja01,1952
joosted01,1952
kellge01,1952
lemonbo01,1952
mantlmi01,1952
mcdougi01,1952
minosmi01,1952
paigesa01,1952
reynoal01,1952
shantbo01,1952
wertzvi01,1952
yosted01,1952
simmocu01,1952
camparo01,1952
lockmwh01,1952
robinja02,1952
thomsbo01,1952
hamnegr01,1952
sauerha01,1952
musiast01,1952
slaugen01,1952
atwelto01,1952
darkal01,1952
furilca01,1952
hattogr01,1952
hearnji01,1952
hodgegi01,1952
irvinmo01,1952
kinerra01,1952
maglisa01,1952
reesepe01,1952
roberro01,1952
roepr01,1952
rushbo01,1952
schoere01,1952
snidedu01,1952
spahnwa01,1952
stalege01,1952
westrwe01,1952
piercbi02,1953
berrayo01,1953
vernomi01,1953
goodmbi01,1953
rosenal01,1953
carrach01,1953
zernigu01,1953
mantlmi01,1953
bauerha01,1953
dobyla01,1953
fainfe01,1953
foxne01,1953
garcimi01,1953
huntebi03,1953
kellge01,1953
kuennha01,1953
lemonbo01,1953
minosmi01,1953
mizejo01,1953
paigesa01,1953
reynoal01,1953
rizzuph01,1953
robined01,1953
sainjo01,1953
whitesa02,1953
willite01,1953
roberro01,1953
camparo01,1953
kluszte01,1953
schoere01,1953
matheed01,1953
reesepe01,1953
musiast01,1953
bellgu01,1953
slaugen01,1953
ashburi01,1953
crandde01,1953
dicksmu01,1953
furilca01,1953
haddiha01,1953
hamnegr01,1953
hodgegi01,1953
kinerra01,1953
mcculcl01,1953
ricede01,1953
robinja02,1953
simmocu01,1953
snidedu01,1953
spahnwa01,1953
stalege01,1953
westrwe01,1953
wilheho01,1953
willida03,1953
fordwh01,1954
berrayo01,1954
rosenal01,1954
avilabo01,1954
boonera01,1954
carrach01,1954
minosmi01,1954
mantlmi01,1954
bauerha01,1954
consusa01,1954
dobyla01,1954
fainfe01,1954
finigji01,1954
foxne01,1954
garcimi01,1954
keegabo01,1954
kellge01,1954
kuennha01,1954
lemonbo01,1954
lollash01,1954
norenir01,1954
piersji01,1954
portebo01,1954
reynoal01,1954
stonede01,1954
truckvi01,1954
turlebo01,1954
vernomi01,1954
willite01,1954
roberro01,1954
camparo01,1954
kluszte01,1954
hamnegr01,1954
jablora01,1954
darkal01,1954
robinja02,1954
snidedu01,1954
musiast01,1954
antonjo02,1954
bellgu01,1954
burgesm01,1954
conlege01,1954
crandde01,1954
erskica01,1954
grissma01,1954
haddiha01,1954
hodgegi01,1954
jacksra01,1954
mayswi01,1954
muelldo01,1954
reesepe01,1954
schoere01,1954
spahnwa01,1954
thomafr03,1954
wilsoji02,1954
piercbi02,1955
berrayo01,1955
vernomi01,1955
foxne01,1955
finigji01,1955
kuennha01,1955
willite01,1955
mantlmi01,1955
kalinal01,1955
avilabo01,1955
carrach01,1955
dobyla01,1955
donovdi01,1955
fordwh01,1955
hoeftbi01,1955
jenseja01,1955
lollash01,1955
powervi01,1955
rosenal01,1955
scorehe01,1955
smithal04,1955
sullifr01,1955
turlebo01,1955
wilsoji02,1955
wynnea01,1955
roberro01,1955
crandde01,1955
kluszte01,1955
schoere01,1955
matheed01,1955
bankser01,1955
ennisde01,1955
snidedu01,1955
muelldo01,1955
aaronha01,1955
arroylu01,1955
bakerge02,1955
burgesm01,1955
camparo01,1955
conlege01,1955
haddiha01,1955
hodgegi01,1955
jacksra01,1955
jonessa02,1955
loganjo01,1955
lopatst01,1955
mayswi01,1955
musiast01,1955
newcodo01,1955
nuxhajo01,1955
thomafr03,1955
piercbi02,1956
berrayo01,1956
vernomi01,1956
foxne01,1956
kellge01,1956
kuennha01,1956
willite01,1956
mantlmi01,1956
kalinal01,1956
boonera01,1956
breweto01,1956
fordwh01,1956
kucksjo01,1956
lollash01,1956
martibi02,1956
maxwech01,1956
mcdougi01,1956
narlera01,1956
piersji01,1956
powervi01,1956
scorehe01,1956
sievero01,1956
simpsha01,1956
sullifr01,1956
wilsoji02,1956
wynnea01,1956
frienbo01,1956
baileed01,1956
longda02,1956
templjo01,1956
boyerke01,1956
mcmilro01,1956
robinfr02,1956
bellgu01,1956
musiast01,1956
aaronha01,1956
antonjo02,1956
bankser01,1956
camparo01,1956
crandde01,1956
gilliji01,1956
kluszte01,1956
labincl01,1956
lawrebr01,1956
lopatst01,1956
matheed01,1956
mayswi01,1956
nuxhajo01,1956
repulri01,1956
roberro01,1956
snidedu01,1956
spahnwa01,1956
bunniji01,1957
berrayo01,1957
wertzvi01,1957
foxne01,1957
kellge01,1957
kuennha01,1957
willite01,1957
mantlmi01,1957
kalinal01,1957
demaejo01,1957
grimbo01,1957
howarel01,1957
loesbi01,1957
malzofr01,1957
maxwech01,1957
mcdougi01,1957
minosmi01,1957
mossido01,1957
piercbi02,1957
richabo01,1957
shantbo01,1957
sievero01,1957
skowrbi01,1957
triangu01,1957
wynnea01,1957
simmocu01,1957
baileed01,1957
musiast01,1957
templjo01,1957
hoakdo01,1957
mcmilro01,1957
robinfr02,1957
mayswi01,1957
aaronha01,1957
antonjo02,1957
bankser01,1957
bellgu01,1957
burdele01,1957
cimolgi01,1957
foileha01,1957
hodgegi01,1957
jacksla01,1957
labincl01,1957
loganjo01,1957
matheed01,1957
moonwa01,1957
sanfoja02,1957
schoere01,1957
smithha09,1957
spahnwa01,1957
turlebo01,1958
triangu01,1958
skowrbi01,1958
foxne01,1958
malzofr01,1958
aparilu01,1958
cervbo01,1958
mantlmi01,1958
jenseja01,1958
berrayo01,1958
bridgro01,1958
durenry01,1958
fordwh01,1958
howarel01,1958
kalinal01,1958
kubekto01,1958
kuennha01,1958
lollash01,1958
mcdougi01,1958
narlera01,1958
odellbi01,1958
piercbi02,1958
vernomi01,1958
willite01,1958
wynnea01,1958
spahnwa01,1958
crandde01,1958
musiast01,1958
mazerbi01,1958
thomafr03,1958
bankser01,1958
skinnbo01,1958
mayswi01,1958
aaronha01,1958
antonjo02,1958
ashburi01,1958
blasido01,1958
crowege01,1958
farretu01,1958
frienbo01,1958
jacksla01,1958
loganjo01,1958
matheed01,1958
mcmahdo02,1958
morynwa01,1958
podrejo01,1958
purkebo01,1958
rosebjo01,1958
schmibo02,1958
wallsle01,1958
walkeje01,1959
wynnea01,1959
berrayo01,1959
triangu01,1959
runnepe01,1959
skowrbi01,1959
foxne01,1959
foxne01,1959
killeha01,1959
malzofr01,1959
aparilu01,1959
aparilu01,1959
minosmi01,1959
willite01,1959
kalinal01,1959
mantlmi01,1959
colavro01,1959
marisro01,1959
allisbo01,1959
berrayo01,1959
bunniji01,1959
colavro01,1959
daleybu01,1959
daleybu01,1959
durenry01,1959
durenry01,1959
fordwh01,1959
howarel01,1959
kalinal01,1959
killeha01,1959
kubekto01,1959
kuennha01,1959
kuennha01,1959
lollash01,1959
lollash01,1959
malzofr01,1959
mantlmi01,1959
mcdougi01,1959
mcdougi01,1959
mclisca01,1959
minosmi01,1959
odellbi01,1959
pascuca02,1959
piercbi02,1959
powervi01,1959
powervi01,1959
ramospe01,1959
richabo01,1959
runnepe01,1959
sievero01,1959
sievero01,1959
skowrbi01,1959
triangu01,1959
wilheho01,1959
wilheho01,1959
willite01,1959
woodlge01,1959
wynnea01,1959
drysddo01,1959
drysddo01,1959
crandde01,1959
crandde01,1959
cepedor01,1959
musiast01,1959
templjo01,1959
templjo01,1959
boyerke01,1959
matheed01,1959
bankser01,1959
bankser01,1959
moonwa01,1959
moonwa01,1959
mayswi01,1959
mayswi01,1959
aaronha01,1959
aaronha01,1959
antonjo02,1959
antonjo02,1959
boyerke01,1959
burdele01,1959
burdele01,1959
burgesm01,1959
burgesm01,1959
cepedor01,1959
conlege01,1959
conlege01,1959
cunnijo01,1959
cunnijo01,1959
elstodo01,1959
elstodo01,1959
facero01,1959
facero01,1959
gilliji01,1959
groatdi01,1959
groatdi01,1959
jonessa02,1959
loganjo01,1959
matheed01,1959
mazerbi01,1959
mazerbi01,1959
mizelvi01,1959
mizelvi01,1959
musiast01,1959
nealch01,1959
pinsova01,1959
pinsova01,1959
robinfr02,1959
robinfr02,1959
smithha09,1959
smithha09,1959
spahnwa01,1959
spahnwa01,1959
whitebi03,1959
whitebi03,1959
fordwh01,1960
monbobi01,1960
berrayo01,1960
berrayo01,1960
skowrbi01,1960
skowrbi01,1960
runnepe01,1960
runnepe01,1960
malzofr01,1960
malzofr01,1960
hansero02,1960
hansero02,1960
minosmi01,1960
minosmi01,1960
mantlmi01,1960
mantlmi01,1960
marisro01,1960
marisro01,1960
aparilu01,1960
aparilu01,1960
bellga01,1960
bellga01,1960
coateji01,1960
coateji01,1960
daleybu01,1960
daleybu01,1960
estrach01,1960
estrach01,1960
fordwh01,1960
foxne01,1960
foxne01,1960
gentiji01,1960
gentiji01,1960
howarel01,1960
howarel01,1960
kalinal01,1960
kalinal01,1960
kuennha01,1960
kuennha01,1960
laryfr01,1960
laryfr01,1960
lemonji01,1960
lemonji01,1960
lollash01,1960
lollash01,1960
monbobi01,1960
pascuca02,1960
pascuca02,1960
powervi01,1960
powervi01,1960
robinbr01,1960
robinbr01,1960
smithal04,1960
smithal04,1960
stalege01,1960
stalege01,1960
stigmdi01,1960
stigmdi01,1960
willite01,1960
willite01,1960
wynnea01,1960
wynnea01,1960
frienbo01,1960
lawve01,1960
crandde01,1960
crandde01,1960
adcocjo01,1960
adcocjo01,1960
mazerbi01,1960
mazerbi01,1960
matheed01,1960
matheed01,1960
bankser01,1960
bankser01,1960
skinnbo01,1960
skinnbo01,1960
mayswi01,1960
mayswi01,1960
aaronha01,1960
aaronha01,1960
baileed01,1960
baileed01,1960
boyerke01,1960
boyerke01,1960
buhlbo01,1960
buhlbo01,1960
burgesm01,1960
burgesm01,1960
cepedor01,1960
cepedor01,1960
clemero01,1960
clemero01,1960
facero01,1960
facero01,1960
frienbo01,1960
groatdi01,1960
groatdi01,1960
henrybi01,1960
henrybi01,1960
jacksla01,1960
jacksla01,1960
larkeno01,1960
larkeno01,1960
lawve01,1960
mccormi03,1960
mccormi03,1960
mcdanli01,1960
mcdanli01,1960
musiast01,1960
musiast01,1960
nealch01,1960
nealch01,1960
pinsova01,1960
pinsova01,1960
podrejo01,1960
podrejo01,1960
tayloto02,1960
tayloto02,1960
whitebi03,1960
whitebi03,1960
willist02,1960
willist02,1960
bunniji01,1961
fordwh01,1961
romanjo01,1961
romanjo01,1961
cashno01,1961
cashno01,1961
templjo01,1961
templjo01,1961
robinbr01,1961
robinbr01,1961
aparilu01,1961
kubekto01,1961
colavro01,1961
colavro01,1961
mantlmi01,1961
mantlmi01,1961
kalinal01,1961
marisro01,1961
arroylu01,1961
berrayo01,1961
berrayo01,1961
brandja01,1961
brandja01,1961
bunniji01,1961
donovdi01,1961
donovdi01,1961
durenry01,1961
fordwh01,1961
fornimi01,1961
foxne01,1961
foxne01,1961
francti01,1961
gentiji01,1961
gentiji01,1961
howarel01,1961
howarel01,1961
howsedi01,1961
howsedi01,1961
kalinal01,1961
killeha01,1961
killeha01,1961
kubekto01,1961
laryfr01,1961
latmaba01,1961
marisro01,1961
mcbrike01,1961
pascuca02,1961
perryji01,1961
piercbi02,1961
schwado01,1961
sievero01,1961
skowrbi01,1961
wilheho01,1961
wilheho01,1961
purkebo01,1961
spahnwa01,1961
burgesm01,1961
burgesm01,1961
whitebi03,1961
whitebi03,1961
bollifr01,1961
bollifr01,1961
matheed01,1961
matheed01,1961
willsma01,1961
willsma01,1961
cepedor01,1961
cepedor01,1961
mayswi01,1961
mayswi01,1961
clemero01,1961
clemero01,1961
aaronha01,1961
aaronha01,1961
altmage01,1961
altmage01,1961
baileed01,1961
bankser01,1961
boyerke01,1961
boyerke01,1961
drysddo01,1961
facero01,1961
facero01,1961
jayjo01,1961
jayjo01,1961
kaskoed01,1961
kaskoed01,1961
koufasa01,1961
koufasa01,1961
mahafar01,1961
mahafar01,1961
mccormi03,1961
mccormi03,1961
millest01,1961
millest01,1961
musiast01,1961
musiast01,1961
purkebo01,1961
robinfr02,1961
robinfr02,1961
rosebjo01,1961
rosebjo01,1961
spahnwa01,1961
stuardi01,1961
stuardi01,1961
zimmedo01,1961
zimmedo01,1961
bunniji01,1962
stenhda01,1962
batteea01,1962
batteea01,1962
batteea01,1962
batteea01,1962
gentiji01,1962
gentiji01,1962
gentiji01,1962
gentiji01,1962
moranbi02,1962
moranbi02,1962
moranbi02,1962
moranbi02,1962
rolliri01,1962
rolliri01,1962
rolliri01,1962
rolliri01,1962
aparilu01,1962
aparilu01,1962
aparilu01,1962
aparilu01,1962
wagnele01,1962
wagnele01,1962
wagnele01,1962
wagnele01,1962
marisro01,1962
marisro01,1962
marisro01,1962
marisro01,1962
colavro01,1962
colavro01,1962
mantlmi01,1962
aguirha01,1962
berrayo01,1962
donovdi01,1962
herbera01,1962
howarel01,1962
kaatji01,1962
kalinal01,1962
landiji01,1962
mcbrike01,1962
monbobi01,1962
pappami01,1962
pappami01,1962
pascuca02,1962
richabo01,1962
richabo01,1962
robinbr01,1962
robinbr01,1962
romanjo01,1962
runnepe01,1962
siebeno01,1962
terryra01,1962
thomale03,1962
thomale03,1962
treshto01,1962
wilheho01,1962
drysddo01,1962
podrejo01,1962
crandde01,1962
crandde01,1962
crandde01,1962
crandde01,1962
cepedor01,1962
cepedor01,1962
cepedor01,1962
cepedor01,1962
mazerbi01,1962
mazerbi01,1962
mazerbi01,1962
mazerbi01,1962
boyerke01,1962
boyerke01,1962
boyerke01,1962
boyerke01,1962
groatdi01,1962
groatdi01,1962
groatdi01,1962
groatdi01,1962
davisto02,1962
davisto02,1962
davisto02,1962
davisto02,1962
mayswi01,1962
mayswi01,1962
mayswi01,1962
mayswi01,1962
clemero01,1962
clemero01,1962
clemero01,1962
clemero01,1962
aaronha01,1962
aloufe01,1962
altmage01,1962
ashburi01,1962
bankser01,1962
bankser01,1962
bollifr01,1962
bollifr01,1962
callijo01,1962
callijo01,1962
davenji01,1962
farretu01,1962
gibsobo01,1962
koufasa01,1962
mahafar01,1962
maricju01,1962
maricju01,1962
matheed01,1962
musiast01,1962
musiast01,1962
purkebo01,1962
robinfr02,1962
rosebjo01,1962
shawbo01,1962
spahnwa01,1962
willibi01,1962
willsma01,1962
willsma01,1962
mcbrike01,1963
batteea01,1963
pepitjo01,1963
foxne01,1963
malzofr01,1963
versazo01,1963
wagnele01,1963
pearsal02,1963
kalinal01,1963
allisbo01,1963
aparilu01,1963
barbest01,1963
boutoji01,1963
bunniji01,1963
grantmu01,1963
howarel01,1963
killeha01,1963
leppedo02,1963
mantlmi01,1963
monbobi01,1963
pizarju01,1963
radatdi01,1963
richabo01,1963
robinbr01,1963
siebeno01,1963
treshto01,1963
yastrca01,1963
otoolji01,1963
baileed01,1963
whitebi03,1963
javieju01,1963
boyerke01,1963
groatdi01,1963
davisto02,1963
mayswi01,1963
aaronha01,1963
cepedor01,1963
clemero01,1963
culpra01,1963
drysddo01,1963
edwarjo01,1963
jacksla01,1963
koufasa01,1963
maricju01,1963
mazerbi01,1963
mccovwi01,1963
musiast01,1963
santoro01,1963
snidedu01,1963
spahnwa01,1963
torrejo01,1963
willsma01,1963
woodeha01,1963
chancde01,1964
howarel01,1964
allisbo01,1964
richabo01,1964
robinbr01,1964
fregoji01,1964
killeha01,1964
mantlmi01,1964
olivato01,1964
aparilu01,1964
bressed01,1964
colavro01,1964
fordwh01,1964
freehbi01,1964
hallji02,1964
hintoch01,1964
kalinal01,1964
kralija01,1964
lumpeje01,1964
malzofr01,1964
pascuca02,1964
pepitjo01,1964
peterga01,1964
pizarju01,1964
radatdi01,1964
siebeno01,1964
wyattjo02,1964
drysddo01,1964
torrejo01,1964
cepedor01,1964
huntro01,1964
boyerke01,1964
groatdi01,1964
willibi01,1964
mayswi01,1964
clemero01,1964
aaronha01,1964
bunniji01,1964
burgesm01,1964
callijo01,1964
cardele01,1964
edwarjo01,1964
ellswdi01,1964
farretu01,1964
floodcu01,1964
koufasa01,1964
maricju01,1964
mazerbi01,1964
santoro01,1964
shortch02,1964
stargwi01,1964
whitebi03,1964
pappami01,1965
batteea01,1965
killeha01,1965
mantife01,1965
robinbr01,1965
mcauldi01,1965
hortowi01,1965
davalvi01,1965
colavro01,1965
alvisma01,1965
fisheed02,1965
freehbi01,1965
grantmu01,1965
hallji02,1965
howarel01,1965
kalinal01,1965
leebo01,1965
mantlmi01,1965
mcdowsa01,1965
odonojo01,1965
olivato01,1965
pepitjo01,1965
richabo01,1965
richepe01,1965
skowrbi01,1965
stottme01,1965
versazo01,1965
yastrca01,1965
maricju01,1965
torrejo01,1965
bankser01,1965
rosepe01,1965
allendi01,1965
willsma01,1965
stargwi01,1965
mayswi01,1965
aaronha01,1965
callijo01,1965
cardele01,1965
clemero01,1965
drysddo01,1965
edwarjo01,1965
ellissa01,1965
farretu01,1965
gibsobo01,1965
koufasa01,1965
kraneed01,1965
malonji01,1965
robinfr02,1965
rojasco01,1965
santoro01,1965
vealebo01,1965
willibi01,1965
mclaide01,1966
freehbi01,1966
scottge02,1966
knoopbo01,1966
robinbr01,1966
mcauldi01,1966
robinfr02,1966
kalinal01,1966
olivato01,1966
ageeto01,1966
barbest01,1966
batteea01,1966
bellga01,1966
cashno01,1966
colavro01,1966
etchean01,1966
fregoji01,1966
hunteca01,1966
kaatji01,1966
killeha01,1966
mcdowsa01,1966
richabo01,1966
richepe01,1966
siebeso01,1966
stottme01,1966
yastrca01,1966
koufasa01,1966
torrejo01,1966
mccovwi01,1966
lefebji01,1966
santoro01,1966
cardele01,1966
aaronha01,1966
mayswi01,1966
clemero01,1966
allendi01,1966
aloufe01,1966
bunniji01,1966
floodcu01,1966
gibsobo01,1966
halleto01,1966
hartji01,1966
huntro01,1966
maricju01,1966
mccarti01,1966
mccoobi01,1966
morgajo02,1966
perryga01,1966
raymocl01,1966
reganph01,1966
stargwi01,1966
vealebo01,1966
willsma01,1966
chancde01,1967
freehbi01,1967
killeha01,1967
carewro01,1967
robinbr01,1967
petrori01,1967
yastrca01,1967
olivato01,1967
conigto01,1967
ageeto01,1967
alvisma01,1967
berryke01,1967
casanpa01,1967
downial01,1967
etchean01,1967
fregoji01,1967
hargast01,1967
horlejo01,1967
hunteca01,1967
kalinal01,1967
lonboji01,1967
mantlmi01,1967
mcauldi01,1967
mcgloji01,1967
minchdo01,1967
peterga01,1967
robinfr02,1967
maricju01,1967
torrejo01,1967
cepedor01,1967
mazerbi01,1967
allendi01,1967
alleyge01,1967
brocklo01,1967
aaronha01,1967
clemero01,1967
bankser01,1967
cuellmi01,1967
drysddo01,1967
gibsobo01,1967
halleto01,1967
helmsto01,1967
jenkife01,1967
lemasde01,1967
mayswi01,1967
mccarti01,1967
osteecl01,1967
perezto01,1967
rosepe01,1967
seaveto01,1967
shortch02,1967
staubru01,1967
wynnji01,1967
tiantlu01,1968
freehbi01,1968
killeha01,1968
carewro01,1968
robinbr01,1968
fregoji01,1968
hortowi01,1968
yastrca01,1968
howarfr01,1968
azcuejo01,1968
bellga01,1968
campabe01,1968
harreke01,1968
johnsda02,1968
johnto01,1968
josepdu01,1968
mantlmi01,1968
mcdowsa01,1968
mclaide01,1968
mondari01,1968
odombl01,1968
olivato01,1968
powelbo01,1968
santijo02,1968
stottme01,1968
wertdo01,1968
drysddo01,1968
groteje01,1968
mccovwi01,1968
helmsto01,1968
santoro01,1968
kessido01,1968
floodcu01,1968
mayswi01,1968
aaronha01,1968
alleyge01,1968
aloufe01,1968
alouma01,1968
benchjo01,1968
cardele01,1968
carltst01,1968
frymawo01,1968
gibsobo01,1968
halleto01,1968
javieju01,1968
koosmje01,1968
maricju01,1968
perezto01,1968
reedro01,1968
rosepe01,1968
seaveto01,1968
staubru01,1968
willibi01,1968
stottme01,1969
freehbi01,1969
powelbo01,1969
carewro01,1969
bandosa01,1969
petrori01,1969
howarfr01,1969
jacksre01,1969
robinfr02,1969
andremi01,1969
blairpa01,1969
culpra01,1969
fregoji01,1969
heganmi01,1969
johnsda02,1969
killeha01,1969
knowlda01,1969
lolicmi01,1969
mayca01,1969
mcdowsa01,1969
mclaide01,1969
mcnalda01,1969
minchdo01,1969
odombl01,1969
olivato01,1969
robinbr01,1969
rodriel01,1969
rosebjo01,1969
smithre06,1969
whitero01,1969
yastrca01,1969
carltst01,1969
benchjo01,1969
mccovwi01,1969
millafe01,1969
santoro01,1969
kessido01,1969
jonescl01,1969
alouma01,1969
aaronha01,1969
bankser01,1969
beckegl01,1969
cannich01,1969
clemero01,1969
dierkla01,1969
gibsobo01,1969
hundlra01,1969
jacksgr01,1969
koosmje01,1969
maricju01,1969
mayle01,1969
mayswi01,1969
menkede01,1969
niekrph01,1969
perezto01,1969
rosepe01,1969
seaveto01,1969
singebi01,1969
staubru01,1969
palmeji01,1970
freehbi01,1970
powelbo01,1970
johnsda02,1970
killeha01,1970
aparilu01,1970
howarfr01,1970
yastrca01,1970
robinfr02,1970
alomasa01,1970
carewro01,1970
cuellmi01,1970
fossera01,1970
fregoji01,1970
harpeto01,1970
hortowi01,1970
hunteca01,1970
johnsal01,1970
mcdowsa01,1970
mcnalda01,1970
mosesje01,1970
olivato01,1970
otisam01,1970
perryji01,1970
peterfr01,1970
robinbr01,1970
stottme01,1970
whitero01,1970
wrighcl01,1970
seaveto01,1970
benchjo01,1970
allendi01,1970
beckegl01,1970
perezto01,1970
kessido01,1970
cartyri01,1970
mayswi01,1970
aaronha01,1970
clemero01,1970
dietzdi01,1970
gastoci01,1970
gibsobo01,1970
grababi01,1970
harrebu01,1970
hickmji02,1970
hoernjo01,1970
mccovwi01,1970
menkede01,1970
merriji01,1970
millafe01,1970
morgajo02,1970
osteecl01,1970
perryga01,1970
rosepe01,1970
simpswa01,1970
staubru01,1970
torrejo01,1970
wilheho01,1970
bluevi01,1971
freehbi01,1971
cashno01,1971
carewro01,1971
robinbr01,1971
aparilu01,1971
yastrca01,1971
murcebo01,1971
robinfr02,1971
bufordo01,1971
cardele01,1971
cuellmi01,1971
duncada01,1971
fossera01,1971
howarfr01,1971
jacksre01,1971
kalinal01,1971
killeha01,1971
lolicmi01,1971
mcdowsa01,1971
meltobi01,1971
messean01,1971
munsoth01,1971
olivato01,1971
otisam01,1971
palmeji01,1971
pattima01,1971
perryji01,1971
powelbo01,1971
rojasco01,1971
siebeso01,1971
woodwi01,1971
ellisdo01,1971
benchjo01,1971
mccovwi01,1971
beckegl01,1971
torrejo01,1971
harrebu01,1971
stargwi01,1971
mayswi01,1971
aaronha01,1971
bondsbo01,1971
brocklo01,1971
carltst01,1971
carrocl02,1971
clemero01,1971
colbena01,1971
daviswi02,1971
dierkla01,1971
jenkife01,1971
kessido01,1971
maricju01,1971
mayle01,1971
millafe01,1971
rosepe01,1971
sanguma01,1971
santoro01,1971
seaveto01,1971
staubru01,1971
wilsodo01,1971
wiseri01,1971
palmeji01,1972
freehbi01,1972
allendi01,1972
carewro01,1972
robinbr01,1972
grichbo01,1972
yastrca01,1972
murcebo01,1972
jacksre01,1972
aparilu01,1972
bandosa01,1972
campabe01,1972
cashno01,1972
colemjo05,1972
dobsopa01,1972
fiskca01,1972
harrato01,1972
holtzke01,1972
hunteca01,1972
lolicmi01,1972
mayca01,1972
mcnalda01,1972
otisam01,1972
patekfr01,1972
perryga01,1972
pinielo01,1972
rodriel01,1972
rojasco01,1972
rudijo01,1972
ryanno01,1972
scheiri01,1972
smithre06,1972
woodwi01,1972
gibsobo01,1972
benchjo01,1972
mayle01,1972
morgajo02,1972
torrejo01,1972
kessido01,1972
stargwi01,1972
mayswi01,1972
aaronha01,1972
beckegl01,1972
blassst01,1972
brocklo01,1972
carltst01,1972
carrocl02,1972
cedence01,1972
clemero01,1972
colbena01,1972
jenkife01,1972
mcgratu01,1972
nolanga01,1972
oliveal01,1972
sanguma01,1972
santoro01,1972
seaveto01,1972
simmote01,1972
speiech01,1972
stonebi01,1972
suttodo01,1972
willibi01,1972
hunteca01,1973
fiskca01,1973
maybejo01,1973
carewro01,1973
robinbr01,1973
campabe01,1973
murcebo01,1973
otisam01,1973
jacksre01,1973
allendi01,1973
bandosa01,1973
bellbu01,1973
blairpa01,1973
blylebe01,1973
brinked01,1973
colboji01,1973
fingero01,1973
freehbi01,1973
holtzke01,1973
hortowi01,1973
kellypa01,1973
leebi03,1973
lylesp01,1973
mayda01,1973
munsoth01,1973
nelsoda01,1973
rojasco01,1973
ryanno01,1973
singebi01,1973
spencji01,1973
yastrca01,1973
wiseri01,1973
benchjo01,1973
aaronha01,1973
morgajo02,1973
santoro01,1973
speiech01,1973
rosepe01,1973
cedence01,1973
willibi01,1973
billija01,1973
bondsbo01,1973
breweji01,1973
colbena01,1973
conceda01,1973
daviswi02,1973
evansda01,1973
fairlro01,1973
giustda01,1973
johnsda02,1973
mayswi01,1973
motama01,1973
osteecl01,1973
russebi01,1973
seaveto01,1973
simmote01,1973
stargwi01,1973
suttodo01,1973
torrejo01,1973
twitcwa01,1973
watsobo01,1973
perryga01,1974
munsoth01,1974
allendi01,1974
carewro01,1974
robinbr01,1974
campabe01,1974
burroje01,1974
murcebo01,1974
jacksre01,1974
bandosa01,1974
busbyst01,1974
chalkda01,1974
cuellmi01,1974
fingero01,1974
fiskca01,1974
grichbo01,1974
hendrge01,1974
herrmed01,1974
hillejo01,1974
hunteca01,1974
kalinal01,1974
maybejo01,1974
moneydo01,1974
porteda02,1974
robinfr02,1974
rojasco01,1974
rudijo01,1974
sundbji01,1974
tiantlu01,1974
woodwi01,1974
yastrca01,1974
messean01,1974
benchjo01,1974
garvest01,1974
morgajo02,1974
ceyro01,1974
bowala01,1974
rosepe01,1974
wynnji01,1974
aaronha01,1974
brettke01,1974
brocklo01,1974
caprabu01,1974
carltst01,1974
cashda01,1974
cedence01,1974
garrra01,1974
groteje01,1974
grubbjo01,1974
kessido01,1974
marshmi01,1974
matlajo01,1974
mcgloly01,1974
perezto01,1974
rogerst01,1974
schmimi01,1974
simmote01,1974
smithre06,1974
speiech01,1974
bluevi01,1975
munsoth01,1975
tenacge01,1975
carewro01,1975
nettlgr01,1975
campabe01,1975
rudijo01,1975
bondsbo01,1975
jacksre01,1975
aaronha01,1975
busbyst01,1975
chalkda01,1975
dentbu01,1975
fingero01,1975
freehbi01,1975
gossari01,1975
hargrmi01,1975
harrato01,1975
hendrge01,1975
hunteca01,1975
kaatji01,1975
lynnfr01,1975
mcraeha01,1975
ortajo01,1975
palmeji01,1975
ryanno01,1975
scottge02,1975
washicl01,1975
yastrca01,1975
reussje01,1975
benchjo01,1975
garvest01,1975
morgajo02,1975
ceyro01,1975
conceda01,1975
brocklo01,1975
wynnji01,1975
rosepe01,1975
bowala01,1975
cartega01,1975
cashda01,1975
jonesra01,1975
luzingr01,1975
madlobi01,1975
marshmi01,1975
matlajo01,1975
mcgratu01,1975
messean01,1975
murcebo01,1975
niekrph01,1975
oliveal01,1975
perezto01,1975
sanguma01,1975
seaveto01,1975
smithre06,1975
suttodo01,1975
watsobo01,1975
fidryma01,1976
munsoth01,1976
carewro01,1976
grichbo01,1976
brettge01,1976
harrato01,1976
lefloro01,1976
lynnfr01,1976
staubru01,1976
belanma01,1976
chambch01,1976
fingero01,1976
fiskca01,1976
garneph01,1976
gossari01,1976
hunteca01,1976
larocda01,1976
lylesp01,1976
mcraeha01,1976
moneydo01,1976
otisam01,1976
patekfr01,1976
randowi01,1976
rivermi01,1976
tananfr01,1976
tiantlu01,1976
travebi01,1976
wynegbu01,1976
yastrca01,1976
jonesra01,1976
benchjo01,1976
garvest01,1976
morgajo02,1976
rosepe01,1976
conceda01,1976
luzingr01,1976
fostege01,1976
kingmda01,1976
boonebo01,1976
bowala01,1976
cashda01,1976
cedence01,1976
ceyro01,1976
forscke01,1976
frymawo01,1976
griffke01,1976
matlajo01,1976
mcbriba01,1976
messean01,1976
montejo01,1976
oliveal01,1976
perezto01,1976
rhoderi01,1976
russebi01,1976
ruthvdi01,1976
schmimi01,1976
seaveto01,1976
swishst01,1976
palmeji01,1977
fiskca01,1977
carewro01,1977
randowi01,1977
brettge01,1977
burleri01,1977
ziskri01,1977
yastrca01,1977
jacksre01,1977
bluevi01,1977
campabe01,1977
campbbi02,1977
eckerde01,1977
fairlro01,1977
fidryma01,1977
grosswa01,1977
hislela01,1977
jonesru01,1977
kernji01,1977
larocda01,1977
lylesp01,1977
lynnfr01,1977
moneydo01,1977
munsoth01,1977
nettlgr01,1977
riceji01,1977
ryanno01,1977
scottge02,1977
singlke01,1977
slatoji01,1977
tananfr01,1977
thompja01,1977
wynegbu01,1977
suttodo01,1977
benchjo01,1977
garvest01,1977
morgajo02,1977
ceyro01,1977
conceda01,1977
luzingr01,1977
fostege01,1977
parkeda01,1977
andujjo01,1977
candejo01,1977
carltst01,1977
gossari01,1977
griffke01,1977
lavelga01,1977
montawi01,1977
moralje01,1977
reuscri01,1977
rosepe01,1977
schmimi01,1977
seaveto01,1977
simmote01,1977
smithre06,1977
stearjo01,1977
suttebr01,1977
templga01,1977
trillma01,1977
valenel01,1977
winfida01,1977
palmeji01,1978
fiskca01,1978
carewro01,1978
moneydo01,1978
brettge01,1978
patekfr01,1978
riceji01,1978
lynnfr01,1978
ziskri01,1978
burleri01,1978
evansdw01,1978
flanami01,1978
gossari01,1978
guidrro01,1978
hislela01,1978
howelro02,1978
jacksre01,1978
keougma02,1978
kernji01,1978
lemonch01,1978
munsoth01,1978
murraed02,1978
nettlgr01,1978
porteda02,1978
remyje01,1978
reynocr01,1978
sorenla01,1978
sundbji01,1978
tananfr01,1978
thompja01,1978
whitefr01,1978
yastrca01,1978
bluevi01,1978
simmote01,1978
garvest01,1978
morgajo02,1978
rosepe01,1978
bowala01,1978
luzingr01,1978
fostege01,1978
mondari01,1978
benchjo01,1978
boonebo01,1978
burroje01,1978
ceyro01,1978
clarkja01,1978
conceda01,1978
fingero01,1978
grimsro02,1978
johnto01,1978
lopesda01,1978
niekrph01,1978
pocorbi01,1978
puhlte01,1978
rogerst01,1978
seaveto01,1978
smithre06,1978
stargwi01,1978
suttebr01,1978
winfida01,1978
zachrpa01,1978
ryanno01,1979
porteda02,1979
yastrca01,1979
whitefr01,1979
brettge01,1979
smallro02,1979
baylodo01,1979
lynnfr01,1979
riceji01,1979
bochtbr01,1979
burleri01,1979
carewro01,1979
clearma01,1979
coopece01,1979
downibr01,1979
grichbo01,1979
guidrro01,1979
jacksre01,1979
johnto01,1979
kempst01,1979
kernji01,1979
lemanda01,1979
lemonch01,1979
mongesi01,1979
nettlgr01,1979
newmaje01,1979
singlke01,1979
stanhdo01,1979
stanlbo01,1979
carltst01,1979
boonebo01,1979
garvest01,1979
lopesda01,1979
schmimi01,1979
bowala01,1979
fostege01,1979
winfida01,1979
parkeda01,1979
andujjo01,1979
benchjo01,1979
brocklo01,1979
cartega01,1979
ceyro01,1979
clarkja01,1979
conceda01,1979
hernake01,1979
kingmda01,1979
lacosmi01,1979
matthga01,1979
mazzile01,1979
morgajo02,1979
niekrjo01,1979
parrila01,1979
perryga01,1979
reynocr01,1979
rogerst01,1979
rosepe01,1979
sambijo01,1979
simmote01,1979
stearjo01,1979
suttebr01,1979
templga01,1979
stonest01,1980
fiskca01,1980
carewro01,1980
randowi01,1980
nettlgr01,1980
dentbu01,1980
oglivbe01,1980
lynnfr01,1980
jacksre01,1980
bellbu01,1980
brettge01,1980
bumbral01,1980
burgmto01,1980
coopece01,1980
farmeed01,1980
gossari01,1980
grichbo01,1980
gurala01,1980
henderi01,1980
honeyri01,1980
johnto01,1980
landrke01,1980
molitpa01,1980
oliveal01,1980
ortajo01,1980
parrila02,1980
porteda02,1980
riceji01,1980
stiebda01,1980
trammal01,1980
yountro01,1980
richajr01,1980
benchjo01,1980
garvest01,1980
lopesda01,1980
reitzke01,1980
russebi01,1980
kingmda01,1980
smithre06,1980
parkeda01,1980
bibbyji01,1980
bluevi01,1980
carltst01,1980
cartega01,1980
conceda01,1980
cruzjo01,1980
garneph01,1980
griffke01,1980
hendrge01,1980
hernake01,1980
knighra01,1980
murphda05,1980
reussje01,1980
rosepe01,1980
schmimi01,1980
stearjo01,1980
suttebr01,1980
tekulke01,1980
welchbo01,1980
whitsed01,1980
winfida01,1980
morrija02,1981
fiskca01,1981
carewro01,1981
randowi01,1981
brettge01,1981
dentbu01,1981
singlke01,1981
winfida01,1981
jacksre01,1981
armasto01,1981
barkele01,1981
bellbu01,1981
burleri01,1981
burnsbr01,1981
corbedo01,1981
davisro02,1981
diazbo01,1981
evansdw01,1981
fingero01,1981
forscke01,1981
gossari01,1981
lynnfr01,1981
mcgresc01,1981
murraed02,1981
norrimi01,1981
oliveal01,1981
pacioto01,1981
simmote01,1981
stiebda01,1981
thomago01,1981
whitefr01,1981
valenfe01,1981
cartega01,1981
rosepe01,1981
lopesda01,1981
schmimi01,1981
conceda01,1981
fostege01,1981
dawsoan01,1981
parkeda01,1981
bakerdu01,1981
benedbr01,1981
bluevi01,1981
bucknbi01,1981
carltst01,1981
easlemi01,1981
garneph01,1981
garvest01,1981
guerrpe01,1981
hootobu01,1981
kennete02,1981
kneppbo01,1981
madlobi01,1981
raineti01,1981
ruthvdi01,1981
ryanno01,1981
seaveto01,1981
smithoz01,1981
suttebr01,1981
trillma01,1981
youngjo02,1981
eckerde01,1982
fiskca01,1982
coopece01,1982
grichbo01,1982
brettge01,1982
yountro01,1982
henderi01,1982
lynnfr01,1982
jacksre01,1982
bannifl01,1982
bellbu01,1982
carewro01,1982
clancji01,1982
clearma01,1982
fingero01,1982
gossari01,1982
guidrro01,1982
harrato01,1982
hrbekke01,1982
mcraeha01,1982
murraed02,1982
oglivbe01,1982
parrila02,1982
quiseda01,1982
thornan01,1982
whitefr01,1982
wilsowi02,1982
winfida01,1982
yastrca01,1982
rogerst01,1982
cartega01,1982
rosepe01,1982
trillma01,1982
schmimi01,1982
conceda01,1982
raineti01,1982
dawsoan01,1982
murphda05,1982
bakerdu01,1982
carltst01,1982
durhale01,1982
hornebo01,1982
howest01,1982
humeto01,1982
jonesru01,1982
knighra01,1982
mintogr01,1982
niekrph01,1982
oliveal01,1982
penato01,1982
saxst01,1982
smithlo01,1982
smithoz01,1982
sotoma01,1982
stearjo01,1982
thompja01,1982
valenfe01,1982
stiebda01,1983
simmote01,1983
carewro01,1983
trillma01,1983
brettge01,1983
yountro01,1983
riceji01,1983
lynnfr01,1983
winfida01,1983
boonebo01,1983
coopece01,1983
decindo01,1983
guidrro01,1983
henderi01,1983
honeyri01,1983
jacksre01,1983
kittlro01,1983
lopezau01,1983
martiti01,1983
murraed02,1983
oglivbe01,1983
parrila02,1983
quiseda01,1983
ripkeca01,1983
stanlbo01,1983
sutclri01,1983
wardga01,1983
whitalo01,1983
wilsowi02,1983
yastrca01,1983
youngma01,1983
sotoma01,1983
cartega01,1983
oliveal01,1983
saxst01,1983
schmimi01,1983
smithoz01,1983
raineti01,1983
dawsoan01,1983
murphda05,1983
benchjo01,1983
benedbr01,1983
dawlebi01,1983
draveda01,1983
durhale01,1983
evansda01,1983
guerrpe01,1983
hammaat01,1983
hendrge01,1983
hubbagl01,1983
kennete02,1983
lavelga01,1983
madlobi01,1983
mcgeewi01,1983
oroscje01,1983
perezpa01,1983
rogerst01,1983
smithle02,1983
thondi01,1983
valenfe01,1983
stiebda01,1984
parrila02,1984
carewro01,1984
whitalo01,1984
brettge01,1984
ripkeca01,1984
winfida01,1984
lemonch01,1984
jacksre01,1984
armasto01,1984
bellbu01,1984
boddimi01,1984
caudibi01,1984
davisal01,1984
dotsori01,1984
engleda01,1984
garcida01,1984
griffal01,1984
henderi01,1984
hernawi01,1984
mattido01,1984
morrija02,1984
murraed02,1984
niekrph01,1984
quiseda01,1984
riceji01,1984
sundbji01,1984
thornan01,1984
trammal01,1984
leach01,1984
cartega01,1984
garvest01,1984
sandbry01,1984
schmimi01,1984
smithoz01,1984
gwynnto01,1984
murphda05,1984
strawda01,1984
andujjo01,1984
brenlbo01,1984
davisch01,1984
davisjo02,1984
goodedw01,1984
gossari01,1984
hernake01,1984
hollaal01,1984
marshmi02,1984
mumphje01,1984
oroscje01,1984
penato01,1984
raineti01,1984
ramirra01,1984
samueju01,1984
sotoma01,1984
suttebr01,1984
valenfe01,1984
wallati01,1984
washicl01,1984
morrija02,1985
fiskca01,1985
murraed02,1985
whitalo01,1985
brettge01,1985
ripkeca01,1985
riceji01,1985
henderi01,1985
winfida01,1985
baineha01,1985
blylebe01,1985
boggswa01,1985
bradlph01,1985
brunato01,1985
coopece01,1985
garcida01,1985
gedmari01,1985
hernawi01,1985
howelja01,1985
keyji01,1985
mattido01,1985
molitpa01,1985
mooredo01,1985
parrila02,1985
petryda01,1985
stiebda01,1985
trammal01,1985
wardga01,1985
whitter01,1985
hoytla01,1985
kennete02,1985
garvest01,1985
herrto01,1985
nettlgr01,1985
smithoz01,1985
gwynnto01,1985
murphda05,1985
strawda01,1985
andujjo01,1985
cartega01,1985
clarkja01,1985
cruzjo01,1985
darliro01,1985
garresc01,1985
goodedw01,1985
gossari01,1985
guerrpe01,1985
mcgeewi01,1985
parkeda01,1985
penato01,1985
raineti01,1985
reardje01,1985
rosepe01,1985
ryanno01,1985
sandbry01,1985
templga01,1985
valenfe01,1985
virgioz02,1985
wallati01,1985
wilsogl01,1985
clemero02,1986
parrila02,1986
joynewa01,1986
whitalo01,1986
boggswa01,1986
ripkeca01,1986
henderi01,1986
puckeki01,1986
winfida01,1986
aasedo01,1986
baineha01,1986
barfije01,1986
brettge01,1986
cansejo01,1986
fernato01,1986
gedmari01,1986
hernawi01,1986
higuete01,1986
houghch01,1986
jacobbr01,1986
mattido01,1986
mosebll01,1986
murraed02,1986
preslji01,1986
riceji01,1986
righeda01,1986
schroke01,1986
whitefr01,1986
wittmi01,1986
goodedw01,1986
cartega01,1986
hernake01,1986
sandbry01,1986
schmimi01,1986
smithoz01,1986
gwynnto01,1986
murphda05,1986
strawda01,1986
basske01,1986
brookhu01,1986
brownch02,1986
davisch01,1986
davisgl01,1986
davisjo02,1986
fernasi01,1986
francjo01,1986
krukomi01,1986
parkeda01,1986
penato01,1986
raineti01,1986
rawlesh01,1986
reardje01,1986
rhoderi01,1986
saxst01,1986
scottmi03,1986
smithda02,1986
valenfe01,1986
saberbr01,1987
kennete02,1987
mattido01,1987
randowi01,1987
boggswa01,1987
ripkeca01,1987
bellge02,1987
henderi01,1987
winfida01,1987
baineha01,1987
brettge01,1987
evansdw01,1987
fernato01,1987
henketo01,1987
howelja01,1987
hurstbr01,1987
langsma01,1987
mcgwima01,1987
morrija02,1987
nokesma01,1987
parrila01,1987
plesada01,1987
puckeki01,1987
reynoha01,1987
righeda01,1987
seitzke01,1987
tablepa01,1987
trammal01,1987
whitalo01,1987
wittmi01,1987
scottmi03,1987
cartega01,1987
clarkja01,1987
sandbry01,1987
schmimi01,1987
smithoz01,1987
daviser01,1987
dawsoan01,1987
strawda01,1987
bedrost01,1987
brookhu01,1987
diazbo01,1987
fernasi01,1987
francjo01,1987
guerrpe01,1987
gwynnto01,1987
hernake01,1987
hershor01,1987
leonaje01,1987
mcgeewi01,1987
murphda05,1987
raineti01,1987
reuscri01,1987
samueju01,1987
smithle02,1987
sutclri01,1987
virgioz02,1987
wallati01,1987
violafr01,1988
steinte01,1988
mcgwima01,1988
molitpa01,1988
boggswa01,1988
ripkeca01,1988
cansejo01,1988
henderi01,1988
winfida01,1988
alexado01,1988
brettge01,1988
clemero02,1988
eckerde01,1988
gaettga01,1988
greenmi01,1988
gubicma01,1988
guilloz01,1988
jonesdo01,1988
lansfca01,1988
laudnti01,1988
mattido01,1988
plesada01,1988
puckeki01,1988
rayjo01,1988
reardje01,1988
reynoha01,1988
russeje01,1988
stiebda01,1988
stillku01,1988
trammal01,1988
goodedw01,1988
cartega01,1988
clarkwi02,1988
sandbry01,1988
bonilbo01,1988
smithoz01,1988
colemvi01,1988
dawsoan01,1988
strawda01,1988
coneda01,1988
davisma01,1988
dunstsh01,1988
galaran01,1988
grosske01,1988
hershor01,1988
jacksda02,1988
kneppbo01,1988
larkiba01,1988
lawva01,1988
maddugr01,1988
mcgeewi01,1988
palmera01,1988
parrila02,1988
perryge01,1988
saboch01,1988
thompro01,1988
vanslan01,1988
walkbo01,1988
worreto01,1988
stewada01,1989
steinte01,1989
mcgwima01,1989
francju01,1989
boggswa01,1989
ripkeca01,1989
jacksbo01,1989
puckeki01,1989
sierrru01,1989
baineha01,1989
cansejo01,1989
fernato01,1989
finlech01,1989
gaettga01,1989
greenmi01,1989
grubeke01,1989
gubicma01,1989
hennemi01,1989
jonesdo01,1989
leonaje01,1989
mattido01,1989
mooremi01,1989
plesada01,1989
russeje01,1989
ryanno01,1989
saxst01,1989
swindgr01,1989
tettlmi01,1989
whitede03,1989
reuscri01,1989
santibe01,1989
clarkwi02,1989
sandbry01,1989
johnsho01,1989
smithoz01,1989
mitchke01,1989
daviser01,1989
gwynnto01,1989
guerrpe01,1989
bonilbo01,1989
burketi01,1989
colemvi01,1989
davisgl01,1989
davisma01,1989
dawsoan01,1989
francjo01,1989
hayesvo01,1989
hershor01,1989
howelja01,1989
larkiba01,1989
penato01,1989
randowi01,1989
schmimi01,1989
sciosmi01,1989
scottmi03,1989
smoltjo01,1989
strawda01,1989
sutclri01,1989
wallati01,1989
willimi02,1989
welchbo01,1990
alomasa02,1990
mcgwima01,1990
saxst01,1990
boggswa01,1990
ripkeca01,1990
henderi01,1990
griffke02,1990
cansejo01,1990
bellge02,1990
burksel01,1990
clemero02,1990
eckerde01,1990
fieldce01,1990
finlech01,1990
francju01,1990
grubeke01,1990
guilloz01,1990
jacobbr01,1990
johnsra05,1990
jonesdo01,1990
olsongr01,1990
parkeda01,1990
parrila02,1990
puckeki01,1990
saberbr01,1990
stiebda01,1990
thigpbo01,1990
trammal01,1990
armstja01,1990
sciosmi01,1990
clarkwi02,1990
sandbry01,1990
saboch01,1990
smithoz01,1990
mitchke01,1990
dykstle01,1990
dawsoan01,1990
alomaro01,1990
bondsba01,1990
bonilbo01,1990
brantje01,1990
dibblro01,1990
dunstsh01,1990
francjo01,1990
gwynnto01,1990
heatone01,1990
larkiba01,1990
martide01,1990
martira02,1990
myersra01,1990
olsongr02,1990
santibe01,1990
smithda02,1990
strawda01,1990
violafr01,1990
wallati01,1990
willima04,1990
morrija02,1991
alomasa02,1991
fieldce01,1991
alomaro01,1991
boggswa01,1991
ripkeca01,1991
henderi01,1991
griffke02,1991
hendeda01,1991
tartada01,1991
aguilri01,1991
baineha01,1991
cartejo01,1991
clemero02,1991
eckerde01,1991
fiskca01,1991
francju01,1991
guilloz01,1991
harvebr01,1991
keyji01,1991
langsma01,1991
mcdowja01,1991
mcgwima01,1991
molitpa01,1991
palmera01,1991
puckeki01,1991
reardje01,1991
sandesc01,1991
sierrru01,1991
glavito02,1991
santibe01,1991
clarkwi02,1991
sandbry01,1991
saboch01,1991
smithoz01,1991
caldeiv01,1991
gwynnto01,1991
dawsoan01,1991
bonilbo01,1991
bellge02,1991
biggicr01,1991
brownto05,1991
butlebr01,1991
dibblro01,1991
harnipe01,1991
johnsho01,1991
josefe01,1991
krukjo01,1991
larkiba01,1991
martide01,1991
martira02,1991
morgami01,1991
murraed02,1991
oneilpa01,1991
samueju01,1991
smilejo01,1991
smithle02,1991
strawda01,1991
violafr01,1991
brownke01,1992
alomasa02,1992
mcgwima01,1992
alomaro01,1992
boggswa01,1992
ripkeca01,1992
puckeki01,1992
griffke02,1992
cartejo01,1992
aguilri01,1992
anderbr01,1992
baergca01,1992
cansejo01,1992
clemero02,1992
eckerde01,1992
frymatr01,1992
guzmaju01,1992
kellyro01,1992
knoblch01,1992
langsma01,1992
martied01,1992
mcdowja01,1992
molitpa01,1992
montgje01,1992
mussimi01,1992
nagych01,1992
rodriiv01,1992
sierrru01,1992
venturo01,1992
glavito02,1992
santibe01,1992
mcgrifr01,1992
sandbry01,1992
pendlte01,1992
smithoz01,1992
bondsba01,1992
vanslan01,1992
gwynnto01,1992
biggicr01,1992
charlno01,1992
clarkwi02,1992
coneda01,1992
daultda01,1992
fernato01,1992
gantro01,1992
jonesdo01,1992
krukjo01,1992
maddugr01,1992
martide01,1992
pagnoto01,1992
roberbi01,1992
sharpmi01,1992
sheffga01,1992
smithle02,1992
smoltjo01,1992
tewksbo01,1992
walkela01,1992
langsma01,1993
rodriiv01,1993
olerujo01,1993
alomaro01,1993
boggswa01,1993
ripkeca01,1993
puckeki01,1993
griffke02,1993
cartejo01,1993
molitpa01,1993
aguilri01,1993
baergca01,1993
belleal01,1993
coopesc01,1993
fieldce01,1993
frymatr01,1993
gonzaju03,1993
hentgpa01,1993
johnsra05,1993
keyji01,1993
mcdowja01,1993
montgje01,1993
mussimi01,1993
steinte01,1993
thomafr04,1993
vaughgr01,1993
warddu01,1993
whitede03,1993
mulhote01,1993
daultda01,1993
krukjo01,1993
sandbry01,1993
sheffga01,1993
larkiba01,1993
bondsba01,1993
grissma02,1993
justida01,1993
gracema01,1993
averyst01,1993
beckro01,1993
bellja01,1993
benesan01,1993
blausje01,1993
bonilbo01,1993
burkejo03,1993
galaran01,1993
glavito02,1993
gwynnto01,1993
harvebr01,1993
hollida01,1993
jeffegr01,1993
kellyro01,1993
kileda01,1993
piazzmi01,1993
smithle02,1993
smoltjo01,1993
thompro01,1993
vanslan01,1993
keyji01,1994
rodriiv01,1994
thomafr04,1994
alomaro01,1994
boggswa01,1994
ripkeca01,1994
cartejo01,1994
griffke02,1994
puckeki01,1994
alvarwi01,1994
belleal01,1994
bereja01,1994
bonesri01,1994
clarkwi02,1994
coneda01,1994
coopesc01,1994
davisch01,1994
frymatr01,1994
hentgpa01,1994
johnsra05,1994
knoblch01,1994
loftoke01,1994
molitpa01,1994
mussimi01,1994
oneilpa01,1994
sierrru01,1994
smithle02,1994
tettlmi01,1994
maddugr01,1994
piazzmi01,1994
jeffegr01,1994
duncama01,1994
willima04,1994
smithoz01,1994
bondsba01,1994
gwynnto01,1994
justida01,1994
aloumo01,1994
bagweje01,1994
beckro01,1994
bicheda01,1994
biggicr01,1994
caminke01,1994
coninje01,1994
cordewi01,1994
drabedo01,1994
dykstle01,1994
fletcda01,1994
garcica01,1994
grissma02,1994
hillke01,1994
hudekjo01,1994
jacksda02,1994
jonesdo01,1994
larkiba01,1994
mcgrifr01,1994
myersra01,1994
rijojo01,1994
saberbr01,1994
johnsra05,1995
rodriiv01,1995
thomafr04,1995
baergca01,1995
boggswa01,1995
ripkeca01,1995
belleal01,1995
loftoke01,1995
puckeki01,1995
martied01,1995
alomaro01,1995
appieke01,1995
disarga01,1995
edmonji01,1995
finlech01,1995
griffke02,1995
hansoer01,1995
martide01,1995
martiti02,1995
mcgwima01,1995
mesajo01,1995
oneilpa01,1995
ontivst02,1995
ramirma02,1995
rogerke01,1995
seitzke01,1995
smithle02,1995
stanlmi02,1995
vaughmo01,1995
wellsda01,1995
nomohi01,1995
piazzmi01,1995
mcgrifr01,1995
biggicr01,1995
castivi02,1995
larkiba01,1995
bondsba01,1995
dykstle01,1995
gwynnto01,1995
gantro01,1995
bicheda01,1995
bonilbo01,1995
coninje01,1995
daultda01,1995
gracema01,1995
greenty01,1995
henketo01,1995
maddugr01,1995
mondera01,1995
moranmi01,1995
myersra01,1995
neaglde01,1995
offerjo01,1995
perezca01,1995
sandere02,1995
slocuhe01,1995
smilejo01,1995
smithoz01,1995
sosasa01,1995
willima04,1995
worreto01,1995
nagych01,1996
rodriiv01,1996
vaughmo01,1996
alomaro01,1996
boggswa01,1996
ripkeca01,1996
belleal01,1996
loftoke01,1996
anderbr01,1996
alomasa02,1996
buhneja01,1996
cartejo01,1996
finlech01,1996
frymatr01,1996
griffke02,1996
hernaro01,1996
knoblch01,1996
martied01,1996
mcgwima01,1996
mesajo01,1996
montgje01,1996
pavliro01,1996
percitr01,1996
pettian01,1996
rodrial01,1996
thomafr04,1996
vaughgr01,1996
wettejo01,1996
wilsoda01,1996
smoltjo01,1996
piazzmi01,1996
mcgrifr01,1996
biggicr01,1996
jonesch06,1996
larkiba01,1996
bondsba01,1996
johnsla03,1996
bicheda01,1996
bagweje01,1996
bottari01,1996
brownke01,1996
burksel01,1996
caminke01,1996
glavito02,1996
grudzma01,1996
gwynnto01,1996
hundlto01,1996
kendaja01,1996
leiteal01,1996
maddugr01,1996
martipe02,1996
rodrihe02,1996
sheffga01,1996
smithoz01,1996
trachst01,1996
willima04,1996
wohlema01,1996
worreto01,1996
younger01,1996
johnsra05,1997
rodriiv01,1997
martiti02,1997
alomaro01,1997
ripkeca01,1997
rodrial01,1997
anderbr01,1997
griffke02,1997
oneilpa01,1997
martied01,1997
alomasa02,1997
belleal01,1997
cirilje01,1997
clemero02,1997
coneda01,1997
corajo01,1997
dicksja01,1997
garcino01,1997
hentgpa01,1997
justida01,1997
knoblch01,1997
mcgwima01,1997
mussimi01,1997
myersra01,1997
riverma01,1997
rosadjo01,1997
thomafr04,1997
thomeji01,1997
thompju02,1997
willibe02,1997
maddugr01,1997
piazzmi01,1997
bagweje01,1997
biggicr01,1997
caminke01,1997
blausje01,1997
bondsba01,1997
lankfra01,1997
walkela01,1997
gwynnto01,1997
aloumo01,1997
beckro01,1997
brownke01,1997
claytro01,1997
estessh01,1997
finlest01,1997
galaran01,1997
glavito02,1997
gracema01,1997
hundlto01,1997
johnsch04,1997
jonesbo03,1997
jonesch06,1997
kileda01,1997
larkiba01,1997
loftoke01,1997
lopezja01,1997
martipe02,1997
neaglde01,1997
schilcu01,1997
womacto01,1997
wellsda01,1998
rodriiv01,1998
thomeji01,1998
alomaro01,1998
ripkeca01,1998
rodrial01,1998
loftoke01,1998
griffke02,1998
gonzaju03,1998
alomasa02,1998
arrojro01,1998
brosisc01,1998
clemero02,1998
colonba01,1998
durhara01,1998
easleda01,1998
erstada01,1998
gordoto01,1998
grievbe01,1998
jeterde01,1998
martipe02,1998
oneilpa01,1998
palmede01,1998
palmera01,1998
percitr01,1998
radkebr01,1998
ramirma02,1998
seleaa01,1998
vaughmo01,1998
vizquom01,1998
wettejo01,1998
willibe02,1998
maddugr01,1998
piazzmi01,1998
mcgwima01,1998
biggicr01,1998
jonesch06,1998
weisswa01,1998
bondsba01,1998
walkela01,1998
gwynnto01,1998
aloumo01,1998
ashbyan01,1998
bicheda01,1998
boonebr01,1998
brownke01,1998
castivi02,1998
galaran01,1998
glavito02,1998
hoffmtr01,1998
kendaja01,1998
lopezja01,1998
nenro01,1998
reedri01,1998
renteed01,1998
schilcu01,1998
shawje01,1998
sheffga01,1998
sosasa01,1998
urbinug01,1998
vaughgr01,1998
vinafe01,1998
whitede03,1998
martipe02,1999
rodriiv01,1999
thomeji01,1999
alomaro01,1999
ripkeca01,1999
garcino01,1999
loftoke01,1999
griffke02,1999
ramirma02,1999
palmera01,1999
ausmubr01,1999
baineha01,1999
cansejo01,1999
coneda01,1999
coomero01,1999
fernato01,1999
greensh01,1999
hernaro01,1999
jahajo01,1999
jeterde01,1999
mussimi01,1999
nagych01,1999
offerjo01,1999
ordonma01,1999
percitr01,1999
riverma01,1999
rosadjo01,1999
surhobj01,1999
vizquom01,1999
wettejo01,1999
willibe02,1999
zimmeje02,1999
schilcu01,1999
piazzmi01,1999
mcgwima01,1999
bellja01,1999
willima04,1999
larkiba01,1999
burnije01,1999
sosasa01,1999
walkela01,1999
bagweje01,1999
ashbyan01,1999
botteke01,1999
byrdpa01,1999
caseyse01,1999
gonzaal02,1999
gonzalu01,1999
guerrvl01,1999
gwynnto01,1999
hamptmi01,1999
hoffmtr01,1999
johnsra05,1999
jordabr01,1999
kentje01,1999
liebemi01,1999
limajo01,1999
millwke01,1999
nenro01,1999
nilssda01,1999
sheffga01,1999
spraged02,1999
wagnebi02,1999
willisc01,1999
wellsda01,2000
rodriiv01,2000
giambja01,2000
alomaro01,2000
frymatr01,2000
jeterde01,2000
evereca01,2000
willibe02,2000
dyeje01,2000
baldwja01,2000
batisto01,2000
bordimi01,2000
delgaca01,2000
durhara01,2000
erstada01,2000
finlech01,2000
garcino01,2000
glaustr01,2000
hudsoti01,2000
isrinja01,2000
jonesto02,2000
lawtoma02,2000
lowede01,2000
martied01,2000
martipe02,2000
mcgrifr01,2000
ordonma01,2000
posadjo01,2000
ramirma02,2000
ripkeca01,2000
riverma01,2000
rodrial01,2000
seleaa01,2000
sweenmi01,2000
johnsra05,2000
kendaja01,2000
galaran01,2000
kentje01,2000
jonesch06,2000
larkiba01,2000
guerrvl01,2000
edmonji01,2000
sosasa01,2000
alfoned01,2000
bondsba01,2000
brownke01,2000
cirilje01,2000
dempsry01,2000
finlest01,2000
gilesbr02,2000
girarjo01,2000
glavito02,2000
graveda01,2000
griffke02,2000
hammoje01,2000
heltoto01,2000
hoffmtr01,2000
jonesan01,2000
kileda01,2000
leiteal01,2000
liebemi01,2000
maddugr01,2000
mcgwima01,2000
piazzmi01,2000
renteed01,2000
reynosh01,2000
sheffga01,2000
vidrojo01,2000
wickmbo01,2000
clemero02,2001
rodriiv01,2001
olerujo01,2001
boonebr01,2001
rodrial01,2001
ripkeca01,2001
ramirma02,2001
suzukic01,2001
gonzaju03,2001
martied01,2001
alomaro01,2001
camermi01,2001
clarkto02,2001
garcifr02,2001
giambja01,2001
glaustr01,2001
guzmacr01,2001
jeterde01,2001
maysjo01,2001
miltoer01,2001
nelsoje01,2001
ordonma01,2001
percitr01,2001
pettian01,2001
posadjo01,2001
quantpa01,2001
riverma01,2001
sasakka01,2001
stantmi02,2001
sweenmi01,2001
vaughgr01,2001
willibe02,2001
johnsra05,2001
piazzmi01,2001
heltoto01,2001
kentje01,2001
jonesch06,2001
aurilri01,2001
bondsba01,2001
gonzalu01,2001
sosasa01,2001
walkela01,2001
aloumo01,2001
berkmla01,2001
burkejo03,2001
caseyse01,2001
floydcl01,2001
gilesbr02,2001
guerrvl01,2001
hamptmi01,2001
johnsch04,2001
kleskry01,2001
liebejo01,2001
morrima01,2001
nevinph01,2001
parkch01,2001
pujolal01,2001
reedri01,2001
rolliji01,2001
schilcu01,2001
shawje01,2001
sheetbe01,2001
wagnebi02,2001
lowede01,2002
posadjo01,2002
giambja01,2002
soriaal01,2002
hillesh02,2002
rodrial01,2002
ramirma02,2002
hunteto01,2002
suzukic01,2002
anderga01,2002
batisto01,2002
buehrma01,2002
damonjo01,2002
fickro01,2002
garcifr02,2002
garcino01,2002
guarded01,2002
hallaro01,2002
jeterde01,2002
konerpa01,2002
martipe02,2002
pierzaj01,2002
riverma01,2002
sasakka01,2002
sweenmi01,2002
tejadmi01,2002
urbinug01,2002
venturo01,2002
vizquom01,2002
winnra01,2002
zitoba01,2002
schilcu01,2002
piazzmi01,2002
heltoto01,2002
vidrojo01,2002
rolensc01,2002
rolliji01,2002
bondsba01,2002
guerrvl01,2002
sosasa01,2002
berkmla01,2002
castilu01,2002
dunnad01,2002
gagneer01,2002
glavito02,2002
gonzalu01,2002
greensh01,2002
hernajo01,2002
hoffmtr01,2002
johnsra05,2002
jonesan01,2002
kimby01,2002
lowelmi01,2002
milleda02,2002
morrima01,2002
nenro01,2002
padilvi01,2002
perezod01,2002
remlimi01,2002
santibe01,2002
sexsori01,2002
smoltjo01,2002
spiveju01,2002
willimi03,2002
loaizes01,2003
posadjo01,2003
delgaca01,2003
soriaal01,2003
glaustr01,2003
rodrial01,2003
anderga01,2003
matsuhi01,2003
suzukic01,2003
martied01,2003
blaloha01,2003
boonebr01,2003
cartela02,2003
clemero02,2003
donnebr01,2003
evereca01,2003
foulkke01,2003
garcino01,2003
giambja01,2003
guarded01,2003
hallaro01,2003
hasegsh01,2003
hernara02,2003
macdomi01,2003
morame01,2003
moyerja01,2003
muldema01,2003
ordonma01,2003
ramirma02,2003
sabatcc01,2003
sweenmi01,2003
varitja01,2003
wellsve01,2003
youngdm01,2003
zitoba01,2003
schmija01,2003
lopezja01,2003
heltoto01,2003
vidrojo01,2003
rolensc01,2003
renteed01,2003
pujolal01,2003
edmonji01,2003
sheffga01,2003
bondsba01,2003
benitar01,2003
booneaa01,2003
brownke01,2003
castilu01,2003
chacosh01,2003
furcara01,2003
gagneer01,2003
gilesma01,2003
gonzalu01,2003
jenkige01,2003
jonesan01,2003
loducpa01,2003
lowelmi01,2003
ortizru01,2003
priorma01,2003
sexsori01,2003
smoltjo01,2003
wagnebi02,2003
whitero02,2003
willido03,2003
willimi03,2003
williwo02,2003
wilsopr01,2003
wolfra02,2003
woodke02,2003
muldema01,2004
rodriiv01,2004
giambja01,2004
soriaal01,2004
rodrial01,2004
jeterde01,2004
ramirma02,2004
suzukic01,2004
guerrvl01,2004
belliro01,2004
blaloha01,2004
cordefr01,2004
crawfca02,2004
gordoto01,2004
guillca01,2004
harveke01,2004
hudsoti01,2004
lawtoma02,2004
lillyte01,2004
loaizes01,2004
martivi01,2004
matsuhi01,2004
nathajo01,2004
ortizda01,2004
riverma01,2004
rodrifr03,2004
rogerke01,2004
sabatcc01,2004
schilcu01,2004
sheffga01,2004
tejadmi01,2004
vazquja01,2004
westbja01,2004
youngmi02,2004
clemero02,2004
piazzmi01,2004
pujolal01,2004
kentje01,2004
rolensc01,2004
renteed01,2004
bondsba01,2004
berkmla01,2004
sosasa01,2004
abreubo01,2004
aloumo01,2004
beltrca01,2004
benitar01,2004
cabremi01,2004
caseyse01,2004
estrajo01,2004
gagneer01,2004
glavito02,2004
graveda01,2004
griffke02,2004
heltoto01,2004
hernali01,2004
johnsra05,2004
kolbda01,2004
larkiba01,2004
loducpa01,2004
loretma01,2004
lowelmi01,2004
pavanca01,2004
schmija01,2004
sheetbe01,2004
thomeji01,2004
wilsoja02,2004
zambrca01,2004
buehrma01,2005
varitja01,2005
teixema01,2005
roberbr01,2005
rodrial01,2005
tejadmi01,2005
ramirma02,2005
damonjo01,2005
guerrvl01,2005
ortizda01,2005
anderga01,2005
baezda01,2005
clemema01,2005
colonba01,2005
duchsju01,2005
garlajo01,2005
hallaro01,2005
hillesh02,2005
konerpa01,2005
morame01,2005
nathajo01,2005
podsesc01,2005
riverma01,2005
rodriiv01,2005
rogerke01,2005
ryanbj01,2005
santajo01,2005
sheffga01,2005
soriaal01,2005
suzukic01,2005
sweenmi01,2005
wickmbo01,2005
youngmi02,2005
carpech01,2005
piazzmi01,2005
leede02,2005
kentje01,2005
ramirar01,2005
eckstda01,2005
beltrca01,2005
edmonji01,2005
abreubo01,2005
pujolal01,2005
aloumo01,2005
bayja01,2005
cabremi01,2005
castilu01,2005
clemero02,2005
cordech01,2005
ensbemo01,2005
fuentbr01,2005
gonzalu01,2005
hernali01,2005
isrinja01,2005
izturce01,2005
jonesan01,2005
leeca01,2005
lidgebr01,2005
loducpa01,2005
lopezfe01,2005
martipe02,2005
oswalro01,2005
peavyja01,2005
rolensc01,2005
rolliji01,2005
smoltjo01,2005
wagnebi02,2005
willido03,2005
rogerke01,2006
rodriiv01,2006
ortizda01,2006
loretma01,2006
rodrial01,2006
jeterde01,2006
guerrvl01,2006
wellsve01,2006
suzukic01,2006
buehrma01,2006
canoro01,2006
contrjo01,2006
dyeje01,2006
glaustr01,2006
hallaro01,2006
jenksbo01,2006
kazmisc01,2006
konerpa01,2006
liriafr01,2006
lopezjo01,2006
matthga02,2006
mauerjo01,2006
ordonma01,2006
papeljo01,2006
pierzaj01,2006
ramirma02,2006
redmama01,2006
riosal01,2006
riverma01,2006
ryanbj01,2006
santajo01,2006
sizemgr01,2006
tejadmi01,2006
thomeji01,2006
youngmi02,2006
zitoba01,2006
pennybr01,2006
loducpa01,2006
pujolal01,2006
utleych01,2006
wrighda03,2006
renteed01,2006
soriaal01,2006
beltrca01,2006
bayja01,2006
arroybr01,2006
berkmla01,2006
cabremi01,2006
capuach01,2006
carpech01,2006
eckstda01,2006
fuentbr01,2006
garcino01,2006
glavito02,2006
gordoto01,2006
hoffmtr01,2006
hollima01,2006
howarry01,2006
jonesan01,2006
leeca01,2006
martipe02,2006
mccanbr01,2006
oswalro01,2006
reyesjo01,2006
rolensc01,2006
sanchfr01,2006
schmija01,2006
turnbde01,2006
ugglada01,2006
webbbr01,2006
zambrca01,2006
harenda01,2007
rodriiv01,2007
ortizda01,2007
polanpl01,2007
rodrial01,2007
jeterde01,2007
ordonma01,2007
suzukic01,2007
guerrvl01,2007
beckejo02,2007
crawfca02,2007
guillca01,2007
hunteto01,2007
jenksbo01,2007
lackejo01,2007
lowelmi01,2007
martivi01,2007
mechegi01,2007
morneju01,2007
okajihi01,2007
papeljo01,2007
posadjo01,2007
putzjj01,2007
ramirma02,2007
riosal01,2007
roberbr01,2007
rodrifr03,2007
sabatcc01,2007
santajo01,2007
sizemgr01,2007
verlaju01,2007
youngmi02,2007
peavyja01,2007
martiru01,2007
fieldpr01,2007
utleych01,2007
wrighda03,2007
reyesjo01,2007
bondsba01,2007
beltrca01,2007
griffke02,2007
cabremi01,2007
cordefr01,2007
fuentbr01,2007
hamelco01,2007
hardyjj01,2007
hoffmtr01,2007
hollima01,2007
hudsoor01,2007
leeca01,2007
leede02,2007
mccanbr01,2007
oswalro01,2007
pennybr01,2007
pujolal01,2007
rowanaa01,2007
saitota01,2007
sanchfr01,2007
sheetbe01,2007
smoltjo01,2007
soriaal01,2007
valvejo01,2007
wagnebi02,2007
webbbr01,2007
youngch03,2007
youngdm01,2007
leecl02,2008
mauerjo01,2008
youklke01,2008
pedrodu01,2008
rodrial01,2008
jeterde01,2008
ramirma02,2008
hamiljo03,2008
suzukic01,2008
bradlmi01,2008
credejo01,2008
drewjd01,2008
duchsju01,2008
guillca01,2008
hallaro01,2008
kazmisc01,2008
kinslia01,2008
longoev01,2008
morneju01,2008
nathajo01,2008
navardi01,2008
ortizda01,2008
papeljo01,2008
quentca01,2008
riverma01,2008
rodrifr03,2008
santaer01,2008
saundjo01,2008
sherrge01,2008
sizemgr01,2008
soriajo01,2008
varitja01,2008
youngmi02,2008
sheetbe01,2008
sotoge01,2008
berkmla01,2008
utleych01,2008
jonesch06,2008
ramirha01,2008
braunry02,2008
fukudko01,2008
hollima01,2008
pujolal01,2008
cookaa01,2008
dempsry01,2008
gonzaad01,2008
guzmacr01,2008
harenda01,2008
hartco01,2008
lidgebr01,2008
linceti01,2008
ludwiry01,2008
marmoca01,2008
martiru01,2008
mccanbr01,2008
mclouna01,2008
ramirar01,2008
soriaal01,2008
tejadmi01,2008
ugglada01,2008
volqued01,2008
wagnebi02,2008
webbbr01,2008
wilsobr01,2008
woodke02,2008
wrighda03,2008
zambrca01,2008
hallaro01,2009
mauerjo01,2009
teixema01,2009
hillaa01,2009
youngmi02,2009
jeterde01,2009
bayja01,2009
hamiljo03,2009
suzukic01,2009
bartlja01,2009
beckejo02,2009
buehrma01,2009
crawfca02,2009
cruzne02,2009
fuentbr01,2009
grandcu01,2009
greinza01,2009
hernafe02,2009
hunteto01,2009
ingebr01,2009
jacksed01,2009
jonesad01,2009
longoev01,2009
martivi01,2009
morneju01,2009
nathajo01,2009
papeljo01,2009
pedrodu01,2009
penaca01,2009
riverma01,2009
verlaju01,2009
wakefti01,2009
youklke01,2009
zobribe01,2009
linceti01,2009
molinya01,2009
pujolal01,2009
utleych01,2009
wrighda03,2009
ramirha01,2009
ibanera01,2009
victosh01,2009
braunry02,2009
bellhe01,2009
beltrca01,2009
billich01,2009
broxtjo01,2009
cainma01,2009
cordefr01,2009
dukeza01,2009
fieldpr01,2009
frankry01,2009
gonzaad01,2009
harenda01,2009
hawpebr01,2009
hoffmtr01,2009
howarry01,2009
hudsoor01,2009
johnsjo09,2009
lillyte01,2009
marquja01,2009
mccanbr01,2009
pencehu01,2009
rodrifr03,2009
sanchfr01,2009
santajo01,2009
tejadmi01,2009
uptonju01,2009
werthja01,2009
zimmery01,2009
priceda01,2010
mauerjo01,2010
cabremi01,2010
canoro01,2010
longoev01,2010
jeterde01,2010
crawfca02,2010
hamiljo03,2010
suzukic01,2010
guerrvl01,2010
andruel01,2010
bailean01,2010
bautijo02,2010
beltrad01,2010
buchhcl01,2010
buckjo01,2010
cahiltr01,2010
carmofa01,2010
felizne01,2010
hugheph01,2010
hunteto01,2010
kinslia01,2010
konerpa01,2010
leecl02,2010
lestejo01,2010
martivi01,2010
morneju01,2010
ortizda01,2010
pedrodu01,2010
pettian01,2010
riverma01,2010
rodrial01,2010
sabatcc01,2010
soriajo01,2010
soriara01,2010
swishni01,2010
thornma01,2010
valvejo01,2010
verlaju01,2010
weaveje02,2010
wellsve01,2010
wiggity01,2010
jimenub01,2010
molinya01,2010
pujolal01,2010
pradoma01,2010
wrighda03,2010
ramirha01,2010
braunry02,2010
ethiean01,2010
hartco01,2010
howarry01,2010
bellhe01,2010
bournmi01,2010
broxtjo01,2010
byrdma01,2010
cappsma01,2010
carpech01,2010
furcara01,2010
gallayo01,2010
gonzaad01,2010
hallaro01,2010
heywaja01,2010
hollima01,2010
hudsoti01,2010
infanom01,2010
johnsjo09,2010
kuoho01,2010
linceti01,2010
mccanbr01,2010
meekev01,2010
phillbr01,2010
reyesjo01,2010
rhodear01,2010
rolensc01,2010
tulowtr01,2010
utleych01,2010
vottojo01,2010
wainwad01,2010
wilsobr01,2010
youngch04,2010
weaveje02,2011
avilaal01,2011
gonzaad01,2011
canoro01,2011
beltrad01,2011
cabreas01,2011
hamiljo03,2011
grandcu01,2011
bautijo02,2011
ortizda01,2011
beckejo02,2011
cabremi01,2011
crowaa01,2011
cuddymi01,2011
ellsbja01,2011
gonzagi01,2011
hernafe02,2011
jeterde01,2011
joycema01,2011
kendrho01,2011
konerpa01,2011
leagubr01,2011
lestejo01,2011
martiru01,2011
ogandal01,2011
peraljh01,2011
perezch01,2011
pinedmi01,2011
priceda01,2011
quentca01,2011
riverma01,2011
roberda08,2011
rodrial01,2011
romerri01,2011
sabatcc01,2011
shielja02,2011
valvejo01,2011
verlaju01,2011
waldejo01,2011
wietema01,2011
wilsocj01,2011
youklke01,2011
youngmi02,2011
hallaro01,2011
mccanbr01,2011
fieldpr01,2011
weeksri01,2011
rolensc01,2011
tulowtr01,2011
hollima01,2011
kempma01,2011
berkmla01,2011
beltrca01,2011
bellhe01,2011
bruceja01,2011
cainma01,2011
castrst01,2011
clippty01,2011
correke01,2011
ethiean01,2011
hamelco01,2011
hanrajo01,2011
jonesch06,2011
jurrjja01,2011
kershcl01,2011
kimbrcr01,2011
leecl02,2011
linceti01,2011
mccutan01,2011
molinya01,2011
montemi01,2011
pencehu01,2011
phillbr01,2011
polanpl01,2011
reyesjo01,2011
sanchga01,2011
sandopa01,2011
uptonju01,2011
ventejo01,2011
victosh01,2011
vogelry01,2011
vottojo01,2011
wilsobr01,2011
verlaju01,2012
napolmi01,2012
fieldpr01,2012
canoro01,2012
beltrad01,2012
jeterde01,2012
hamiljo03,2012
grandcu01,2012
bautijo02,2012
ortizda01,2012
andruel01,2012
butlebi03,2012
cabreas01,2012
cabremi01,2012
cookry01,2012
darviyu01,2012
dunnad01,2012
freesda01,2012
harrima01,2012
hernafe02,2012
johnsji04,2012
jonesad01,2012
kinslia01,2012
konerpa01,2012
mauerjo01,2012
nathajo01,2012
peavyja01,2012
perezch01,2012
priceda01,2012
rodnefe01,2012
sabatcc01,2012
salech01,2012
troutmi01,2012
trumbma01,2012
weaveje02,2012
wietema01,2012
wilsocj01,2012
cainma01,2012
poseybu01,2012
vottojo01,2012
ugglada01,2012
sandopa01,2012
furcara01,2012
braunry02,2012
cabreme01,2012
beltrca01,2012
gonzaca01,2012
altuvjo01,2012
bournmi01,2012
bruceja01,2012
castrst01,2012
chapmar01,2012
desmoia01,2012
dickera01,2012
freesda01,2012
gonzagi01,2012
hamelco01,2012
hanrajo01,2012
harpebr03,2012
hollima01,2012
jonesch06,2012
kempma01,2012
kershcl01,2012
kimbrcr01,2012
lahaibr01,2012
lynnla01,2012
mccutan01,2012
mileywa01,2012
molinya01,2012
papeljo01,2012
ruizca01,2012
stantmi03,2012
strasst01,2012
streehu01,2012
wrighda03,2012
scherma01,2013
mauerjo01,2013
davisch02,2013
canoro01,2013
cabremi01,2013
hardyjj01,2013
troutmi01,2013
jonesad01,2013
bautijo02,2013
ortizda01,2013
balfogr01,2013
buchhcl01,2013
castrja01,2013
cecilbr01,2013
colonba01,2013
crainje01,2013
cruzne02,2013
darviyu01,2013
delabst01,2013
encared01,2013
fieldpr01,2013
gordoal01,2013
hernafe02,2013
hollagr01,2013
hunteto01,2013
iwakuhi01,2013
kipnija01,2013
machama01,2013
masteju01,2013
moorema02,2013
nathajo01,2013
pedrodu01,2013
peraljh01,2013
perezsa02,2013
perkigl01,2013
riverma01,2013
salech01,2013
tillmch01,2013
verlaju01,2013
zobribe01,2013
harvema01,2013
molinya01,2013
vottojo01,2013
phillbr01,2013
wrighda03,2013
tulowtr01,2013
gonzaca01,2013
harpebr03,2013
beltrca01,2013
cuddymi01,2013
alvarpe01,2013
browndo01,2013
bumgama01,2013
cabreev01,2013
carpema01,2013
chapmar01,2013
corbipa01,2013
craigal01,2013
fernajo02,2013
freemfr01,2013
goldspa01,2013
gomezca01,2013
grillja01,2013
kershcl01,2013
kimbrcr01,2013
leecl02,2013
lockeje01,2013
mccanbr01,2013
mccutan01,2013
melanma01,2013
poseybu01,2013
romose01,2013
scutama01,2013
segurje01,2013
wainwad01,2013
woodtr01,2013
zimmejo02,2013
hernafe02,2014
perezsa02,2014
cabremi01,2014
canoro01,2014
donaljo02,2014
jeterde01,2014
troutmi01,2014
jonesad01,2014
bautijo02,2014
cruzne02,2014
abreujo02,2014
altuvjo01,2014
aybarer01,2014
beltrad01,2014
betande01,2014
brantmi02,2014
buehrma01,2014
cespeyo01,2014
darviyu01,2014
doolise01,2014
encared01,2014
gordoal01,2014
hollagr01,2014
kazmisc01,2014
kinslia01,2014
lestejo01,2014
martivi01,2014
mossbr01,2014
norride01,2014
perkigl01,2014
priceda01,2014
ramiral03,2014
rodnefe01,2014
salech01,2014
scherma01,2014
seageky01,2014
suzukku01,2014
tanakma01,2014
ueharko01,2014
wietema01,2014
wainwad01,2014
lucrojo01,2014
goldspa01,2014
utleych01,2014
ramirar01,2014
tulowtr01,2014
gomezca01,2014
mccutan01,2014
puigya01,2014
stantmi03,2014
alvarhe01,2014
blackch02,2014
bumgama01,2014
carpema01,2014
castrst01,2014
chapmar01,2014
clippty01,2014
cuetojo01,2014
frazito01,2014
freemfr01,2014
gordode01,2014
greinza01,2014
harrijo05,2014
hudsoti01,2014
kershcl01,2014
kimbrcr01,2014
mesorde01,2014
molinya01,2014
montemi01,2014
murphda08,2014
neshepa01,2014
pencehu01,2014
rizzoan01,2014
rodrifr03,2014
rossty01,2014
samarje01,2014
simonal01,2014
streehu01,2014
teherju01,2014
watsoto01,2014
zimmejo02,2014
keuchda01,2015
perezsa02,2015
pujolal01,2015
altuvjo01,2015
donaljo02,2015
escobal02,2015
jonesad01,2015
troutmi01,2015
cainlo01,2015
cruzne02,2015
archech01,2015
bautijo02,2015
betande01,2015
boxbebr01,2015
brittza01,2015
cabremi01,2015
daviswa01,2015
doziebr01,2015
fieldpr01,2015
gardnbr01,2015
gordoal01,2015
grayso01,2015
hernafe02,2015
herreke01,2015
holtbr01,2015
iglesjo01,2015
kipnija01,2015
machama01,2015
martijd02,2015
martiru01,2015
moustmi01,2015
odayda01,2015
perkigl01,2015
priceda01,2015
salech01,2015
santihe01,2015
teixema01,2015
vogtst01,2015
greinza01,2015
poseybu01,2015
goldspa01,2015
lemahdj01,2015
frazito01,2015
peraljh01,2015
pederjo01,2015
mccutan01,2015
harpebr03,2015
rizzoan01,2015
arenano01,2015
braunry02,2015
bryankr01,2015
bumgama01,2015
burneaj01,2015
chapmar01,2015
colege01,2015
crawfbr01,2015
degroja01,2015
gonzaad01,2015
gordode01,2015
grandya01,2015
hollima01,2015
kershcl01,2015
martica04,2015
melanma01,2015
millesh01,2015
molinya01,2015
panikjo01,2015
papeljo01,2015
polloaj01,2015
rodrifr03,2015
rosentr01,2015
scherma01,2015
stantmi03,2015
tulowtr01,2015
uptonju01,2015
wachami01,2015
salech01,2016
perezsa02,2016
hosmeer01,2016
altuvjo01,2016
machama01,2016
bogaexa01,2016
bradlja02,2016
troutmi01,2016
bettsmo01,2016
ortizda01,2016
beltrca01,2016
betande01,2016
brachbr01,2016
brittza01,2016
cabremi01,2016
canoro01,2016
colomal01,2016
daviswa01,2016
desmoia01,2016
donaljo02,2016
encared01,2016
estrama01,2016
hamelco01,2016
harriwi02,2016
herreke01,2016
kimbrcr01,2016
klubeco01,2016
lindofr01,2016
millean01,2016
nunezed02,2016
quintjo01,2016
salazda01,2016
sanchaa01,2016
saundmi01,2016
trumbma01,2016
vogtst01,2016
wietema01,2016
wrighst01,2016
cuetojo01,2016
poseybu01,2016
rizzoan01,2016
zobribe01,2016
bryankr01,2016
russead02,2016
gonzaca01,2016
ozunama01,2016
harpebr03,2016
myerswi01,2016
arenano01,2016
arrieja01,2016
beltbr01,2016
bruceja01,2016
bumgama01,2016
carpema01,2016
cespeyo01,2016
colonba01,2016
diazal02,2016
duvalad01,2016
familje01,2016
fernajo02,2016
fowlede01,2016
goldspa01,2016
herreod01,2016
janseke01,2016
kershcl01,2016
lestejo01,2016
lucrojo01,2016
martest01,2016
melanma01,2016
murphda08,2016
pomerdr01,2016
ramosaj01,2016
ramoswi01,2016
rodnefe01,2016
scherma01,2016
seageco01,2016
strasst01,2016
syndeno01,2016
teherju01,2016
salech01,2017
perezsa02,2017
smoakju01,2017
altuvjo01,2017
ramirjo01,2017
correca01,2017
springe01,2017
bettsmo01,2017
judgeaa01,2017
dickeco01,2017
alonsyo01,2017
archech01,2017
betande01,2017
brantmi02,2017
canoro01,2017
castrst01,2017
cruzne02,2017
darviyu01,2017
devench02,2017
fulmemi01,2017
garciav01,2017
keuchda01,2017
kimbrcr01,2017
kintzbr01,2017
klubeco01,2017
lindofr01,2017
mcculla02,2017
millean01,2017
moustmi01,2017
osunaro01,2017
sanchga02,2017
sanomi01,2017
santaer01,2017
schoojo01,2017
severlu01,2017
troutmi01,2017
uptonju01,2017
vargaja01,2017
scherma01,2017
poseybu01,2017
zimmery01,2017
murphda08,2017
arenano01,2017
cozarza01,2017
ozunama01,2017
blackch02,2017
harpebr03,2017
stantmi03,2017
bellico01,2017
confomi01,2017
daviswa01,2017
goldspa01,2017
greinza01,2017
handbr01,2017
harrijo05,2017
hollagr01,2017
inciaen01,2017
janseke01,2017
kershcl01,2017
knebeco01,2017
lambja01,2017
lemahdj01,2017
martica04,2017
molinya01,2017
neshepa01,2017
rayro02,2017
seageco01,2017
strasst01,2017
turneju01,2017
vottojo01,2017
woodal02,2017
salech01,2018
perezsa02,2018
abreujo02,2018
altuvjo01,2018
ramirjo01,2018
machama01,2018
judgeaa01,2018
troutmi01,2018
bettsmo01,2018
martijd02,2018
bauertr01,2018
berrijo01,2018
brantmi02,2018
bregmal01,2018
chapmar01,2018
choosh01,2018
colege01,2018
cruzne02,2018
diazed04,2018
gomesya01,2018
hanigmi01,2018
happja01,2018
jimenjo02,2018
kimbrcr01,2018
klubeco01,2018
lindofr01,2018
lowrije01,2018
morelmi01,2018
mortoch02,2018
ramoswi01,2018
segurje01,2018
severlu01,2018
snellbl01,2018
springe01,2018
torregl01,2018
treinbl01,2018
verlaju01,2018
scherma01,2018
contrwi01,2018
freemfr01,2018
baezja01,2018
arenano01,2018
crawfbr01,2018
kempma01,2018
harpebr03,2018
markani01,2018
goldspa01,2018
aguilje01,2018
albieoz01,2018
blackch02,2018
cainlo01,2018
corbipa01,2018
degroja01,2018
doolise01,2018
foltymi01,2018
gennesc01,2018
haderjo01,2018
handbr01,2018
janseke01,2018
jeffrje01,2018
lestejo01,2018
mikolmi01,2018
molinya01,2018
nolaaa01,2018
poseybu01,2018
realmjt01,2018
riverfe01,2018
storytr01,2018
stripro01,2018
suareeu01,2018
vottojo01,2018
yelicch01,2018
verlaju01,2019
sanchga02,2019
santaca01,2019
lemahdj01,2019
bregmal01,2019
polanjo01,2019
brantmi02,2019
troutmi01,2019
springe01,2019
martijd02,2019
abreujo02,2019
berrijo01,2019
bettsmo01,2019
biebesh01,2019
bogaexa01,2019
chapmar01,2019
chapmma01,2019
colege01,2019
gallojo01,2019
giolilu01,2019
greensh02,2019
handbr01,2019
hendrli01,2019
lasteto01,2019
lindofr01,2019
lowebr01,2019
mccanja02,2019
meadoau01,2019
meansjo01,2019
merriwh01,2019
minormi01,2019
mortoch02,2019
odorija01,2019
pencehu01,2019
pressry01,2019
stromma01,2019
tanakma01,2019
torregl01,2019
vogelda01,2019
ryuhy01,2019
contrwi01,2019
freemfr01,2019
marteke01,2019
arenano01,2019
baezja01,2019
yelicch01,2019
acunaro01,2019
bellico01,2019
belljo02,2019
alcansa01,2019
alonspe01,2019
blackch02,2019
bryankr01,2019
buehlwa01,2019
castilu02,2019
dahlda01,2019
degroja01,2019
dejonpa01,2019
grandya01,2019
grayso01,2019
greinza01,2019
haderjo01,2019
kershcl01,2019
mcneije01,2019
moustmi01,2019
muncyma01,2019
realmjt01,2019
rendoan01,2019
riverfe01,2019
scherma01,2019
smithwi04,2019
sorokmi01,2019
storytr01,2019
woodrbr01,2019
yateski01,2019
bailean01,